$16,JRapid,2,Rapid development Java cloud platform,http://www.jrapid.com,null$
$19,Syntyche; Inc.,3, Vendor-client meeting coordinator,http://www.myRepLunch.com,null$
$20,CloudSafe,6,Encrypted Cloud Storage,https://secure.cloudsafe.com,$
$35,Vufind,6,AI as a service for maximizing ecommerce conversion,http://developers.vufind.com,1-10$
$38,Qubulus,6,Indoor GPS,http://www.qubulus.com,1-10$
$43,Lutebox,5,Emotion in motion,http://lutebox.com,1-10$
$44,Boomerang (Baydin),9,Email management that actually works. Makers of Boomerang.,http://boomeranggmail.com,1-10$
$50,DigiContractor Corporation,2,Measure ANYTHING within a Digital Photo taken with ANY Digital Camera!,http://www.uphotomeasure.com,null$
$60,Adaptly,10,The Easiest Way to Advertise Across The Social Web.,http://www.adaptly.com,null$
$63,Draft (previously StarStreet.com),10,Real money fantasy sports games,http://playdraft.com,1-10$
$68,Media 2.0,4,We think we know what is the Ecommerce tipping point.,https://angel.co/media-2-0,1-10$
$71,Blu Linx Technology LLC,2,Mobile Data Offload to WiFi w/ "3G Smarts": "Bandwidth-on-Demand" for Wireless Operators,http://www.blu-linx.com,null$
$81,FUTURE sm/tm ,3,To share the Brand FUTURE to help all people all countries ,http://www.futurevisionaries.com,1-10$
$87,BrightArch,4,Enterprise reorgs that work for everyone,http://www.brightarch.com/,1-10$
$91,Fubles,5,Social Sport Sharing ,http://www.fubles.com,null$
$95,Weed Connection,4,Medical Cannabis Infotainment,http://www.weedconnection.com,$
$97,BeActive Brace,2,Pain Relief Category Killer,http://www.beactivebrace.com,null$
$98,GLE; Inc.,2,To produce and sell an additive which causes biodegradation of conventional plastics in landfills.,http://petpreforms.biz,null$
$105,Carter's Biz Cafes,2,The Place 2 Meet,http://www.cartersbizcafes.com,null$
$112,Graphicly,10,an automated ebook publishing and distribution platform,http://www.graphicly.com,11-50$
$115,Flavors.me,9,Social media-based web presence builder,http://flavors.me,null$
$116,Indeed Solutions,2,Promote your product through social media which integrate and also shows graph how your competitor spread their products on social media,http://www.indeedsolutions.com,null$
$117,RankAbove,5,Automated; multilingual SEO  Platform,http://rankabove.com,11-50$
$118,Krossover,8,Friday Night Lights meets Moneyball,http://www.krossover.com,11-50$
$119,Appstores,10,App Distribution Platform,http://appstores.com,null$
$121,Brand Thunder,7,Extreme makeovers for Internet browsers. Extensions that drive engagement.,http://www.brandthunder.com,1-10$
$123,CroozCooz LLC,3,It's all about drinking,http://croozcooz.com,null$
$127,Marriage.com,4,Engaging wedding; marriage; dating and relationship videos.,http://www.marriage.com,null$
$130,eVenues,10,Online Marketplace & Booking Engine for Unique Meeting Spaces,http://www.evenues.com,11-50$
$134,inTelly.tv,2,Our PATENTED technology is a must have user-friendly social TV concept available,http://inTelly.tv,null$
$135,VoxImplant,7,A communications cloud platform built and designed for developers,http://www.voximplant.com,1-10$
$147,AppLixir,4,Video Ads for Games - Get User Friendly Ads that Pay,http://www.appprizes.com,1-10$
$149,Aktana,8,Mobile recommendation engine for sales reps,http://aktana.com/,11-50$
$150,SEEN,6,Instagram Audience Development,http://www.seenmoment.com,1-10$
$154,Base CRM,9,The next generation of CRM software. Made for people,http://www.getbase.com,51-200$
$160,WePow,9,Video & Mobile Recruitment,http://www.wepow.com/,11-50$
$163,Allin1auctions.com,2,Strong;Creative;Powerful;Convenient,http://Allin1auctions.com,null$
$166,kWhOURS,7,AutoCAD for Existing Commercial Buildings,http://www.kwhours.com,null$
$167,DoubleDutch,10,Event Marketing Automation Software,http://doubledutch.me,51-200$
$171,ShareSquare (BEASTMODE.FM),8,ShareSquare = unsucking mobile sites. BEASTMODE.FM = random music to make you happy. ,http://beastmode.fm/,null$
$174,Reppify,6,eHarmony for Hiring,http://reppify.com,null$
$179,ecomom,10,It's all good,http://www.ecomom.com,1-10$
$182,SeePort,5,Video phone for the rest of us,http://www.myseeport.com,null$
$185,FOODIA,4,Inspired by food.,http://www.foodia.com,null$
$192,PennyGrabber,2,An e-commerce marketplace amplified by social game mechanics.,http://pennygrabber.com/images/show/2.png,null$
$193,JES Innovations; Inc.,2,Truck Bed Extender,http://www.XTREMEGATE.com,null$
$194,BackType,10,Acquired by Twitter,http://www.backtype.com/,null$
$195,Go Fish,3,A New Marketplace Model That's Like A Mix Between Ebay & Facebook + Skype,http://gust.com/c/go_fish_inc,1-10$
$198,Norse,6,Intelligence Based Security,http://www.norse-corp.com,51-200$
$203,Fashiolista,7,Community for fashion inspiration with over 1.2M members worldwide,http://www.fashiolista.com,null$
$206,Squashhost,2,Kings of Web hosting ,http://squashhost.com,null$
$209,Riskpulse,8,Climate + Logistics,http://riskpulse.com,1-10$
$212,WizeHive,7,Next generation SalesForce (Force) without the complexity & cost,http://www.wizehive.com,11-50$
$213,Pear (formerly Apparel Media Group),9,Connects brands & businesses with millions of consumers seeking sponsorship support.,http://www.pearup.com,11-50$
$214,Enole,6,Enriching Real-World Experiences Through Identification,http://www.enole.com,null$
$217,Nautical Torque Technology,3,Lunar Energy for a Sustainable Future,http://www.nauticaltorquetechnology.com,1-10$
$221,Mintbox,2,Personal private sales (retail),http://www.mintbox.com,null$
$223,Buycentives,6,Real time marketing solution delivers individualized sales incentives to online shoppers.,http://www.buycentives.com/,1-10$
$227,Notehall  (Acquired by Chegg 6/11),7,Document Marketplace for College Students,http://www.notehall.com,null$
$236,Stipple,10,Native advertising for the visual web,http://stipple.com,11-50$
$238,Curios.me,8,We allow student organizations to raise money by testing mobile games,http://curios.me,1-10$
$239,Zaneris,2,Exploring cities from your computer,http://nl.linkedin.com/in/samirbendida,null$
$249,Well.ca,9,Largest Online Health; Beauty; Baby Store in Canada,http://well.ca,51-200$
$257,YourJobDone Ltd,4,Mobile eBay for getting jobs done fast,http://www.YourJobDone.com,null$
$263,LiveLoop,8,Real-time collaboration for the enterprise desktop,http://getliveloop.com,null$
$266,Pat's Nifty Inventions,2,Great new products,,null$
$268,echoecho,8,Helps you find; meet and chat with your friends. ,http://www.echoecho.me,null$
$272,Browsemob,5,Priceline for e-commerce,http://www.browsemob.com,null$
$279,Pogby (imbookin) - ACQUIRED 9/2013,7,The First Event Marketplace (Connecting Venues with Consumer Channels),http://www.pogby.com,1-10$
$281,Pinterest,10,A Universal Social Catalog,http://www.pinterest.com,1-10$
$287,Socialize,10,Identify and reward your most influential users with our drop-in social platform.,http://www.GetSocialize.com,51-200$
$289,ChowNow,9,Online ordering; marketing; and customer management platform for restaurants,http://www.ChowNow.com,11-50$
$292,Blipsport,5,The sport club social network.,http://www.blipsport.com/en,1-10$
$303,Helios Airships,2,Cargo-Carrying Airships,http://www.heliosairships.com,null$
$304,Digital Roar Studios Inc.,3,Ubiquitous Gaming,http://www.digitalroar.net,null$
$312,StyleSeat,10,Largest and fastest growing marketplace in the $78B beauty and wellness industry,http://www.styleseat.com,11-50$
$319,Pby,2,we enable monetization of low-value assets,http://www.pbycall.com,null$
$321,Accomplsh,5,For a more awesome you.,http://accomplsh.co,1-10$
$323,Nanodome Ltd,2,Market-changing security cameras,http://www.nanodome.com/,null$
$340,ActiveCause,4,A loyalty and gaming platform to reward socially responsible behavior,http://activecause.com,1-10$
$343,Proposable,5,Create; Deliver; and Analyze all your sales material online.,http://proposable.com,null$
$349,mygola.com,8,Custom trip plans in minutes,http://mygola.com,11-50$
$351,SmartStori Communications,4,SmartStori + Smart*Data builds deep Customer Relationships that Drive Sales,http://www.aixmarketing.com,1-10$
$352,Swagsy,5,Celebrity Product Recommendations,http://swagsy.com,1-10$
$354,Tingle,6,Mobile Dating and Social Singles Lifestyle App,http://tingle.com,null$
$355,RecycleMatch,8,Enterprise Software for managing; minimizing; and monetizing material waste,http://www.recyclematch.com,null$
$358,Tweetwall,1,Display social media on screens at events.,http://tweetwall.com,1-10$
$360,Olapic,7,Shaping unique e-commerce experiences with social media,http://olapic.com,51-200$
$362,ScaleDB,4,Clustered HA for MySQL/MariaDB (cloud-friendly),http://www.scaledb.com,null$
$364,60mo,7,Financial forecasting for startups and SMBs.,http://60mo.com,1-10$
$366,TaskPoint,5,TaskPoint - communication centric project management,http://www.taskpoint.com,null$
$367,CionSystems Inc ,2,Identity and Access Management (CionSytems),http://www.cionsystems.com/,null$
$378,ValueAppeal,5,TurboTax For Property Taxes,http://ValueAppeal.com,null$
$384,Famigo,8,Recommendations and media management for the modern family,http://famigo.com,null$
$389,Tackable,4,Mobile photojournalism,http://www.tackable.com,null$
$390,LawPivot,9,99 Designs for legal,http://www.lawpivot.com,null$
$392,BestCarNow,2,New Way to buy a New Car!,http://www.BestCarNow.com,null$
$400,Smackages,5,Smackages is a makeup counter in a web browser.,http://www.smackages.com,null$
$401,Forecast,8,A fun & simple way for friends to share where they're going in the future. ,http://foreca.st,null$
$410,Sentimnt,4,Personal and Social Search Engine,http://sentimnt.com,null$
$426,Copybar,4,Edit your webpages on your webpages,http://copybar.io,null$
$428,Pixel Qi,7,Screens with very long battery life,http://www.pixelqi.com,null$
$433,Ostrovok,10,Travel booking platform for Russia,http://ostrovok.ru,null$
$437,iCoolhunt,4,Find and share the next big thing,http://www.icoolhunt.com,1-10$
$440,CodeLesson,7,We connect real human instructors with professionals who want to learn to code.,http://codelesson.com/,null$
$442,mailVU,3,Business Video Platform,http://mailVU.com,null$
$445,Spreezio,6,Priceline for Local Shopping,http://www.spreezio.com,null$
$448,StereoGrid,4,Viral; Controlled; & Measured Music Distribution to the World.,http://www.stereogrid.com/,null$
$456,Keepstream,7,Dead-simple social media curation,http://keepstream.com,null$
$457,Lucid Software,9,Diagrams Done Right.,http://www.golucid.co,51-200$
$459,ihiji,7,A Service Enablement Platform with Integrated Remote Network Management,http://www.ihiji.com,11-50$
$462,Mission Guru Ltd,2,Your Virtual Event Coordinator,http://www.missionguru.com,1-10$
$466,BlooSee,4,Take the ocean further,http://www.bloosee.com,null$
$469,Thumb,10,Leading mobile social network that helps people get instant opinions,http://www.thumb.it,11-50$
$472,OpenAppMkt,8,App Store for HTML5 Mobile Apps.,http://OpenAppMkt.com,null$
$476,Ricochet Labs,8,Mobile Platform for Creating a Game Layer Across All Information,http://ricochetlabs.com,null$
$480,Nelbee ,4,OpenTable for Real Estate Leads,http://nelbee.com,null$
$482,Cohuman,8,Evernote for tasks,http://www.cohuman.com,null$
$485,Usabilla,7,Visual feedback from your users to optimize your website,http://usabilla.com,11-50$
$486,SilkStart Technology,6,All-in-One SaaS Solution for Associations,http://www.silkstart.com,1-10$
$487,lookville.com,6,Lookville is a fashion social network - world's largest dressing room.,http://lookville.com,null$
$493,RecordTV,8,Like Aereo (but legal). Real TV & TiVo on the cloud,,1-10$
$496,AppFog,9,Making developing applications on the cloud easier than ever before,http://appfog.com/,11-50$
$498,IActionable,7,Gamification as a Service,http://iactionable.com,null$
$499,Remote Stylist,4,Online platform revolutionizing furniture/design industry  ,http://www.remotestylist.com,null$
$503,SocialSamba,6,social networking for characters and stories,http://socialsamba.com/,null$
$504,AddLive,5,Live video and voice for developers.,http://www.addlive.com,1-10$
$514,PulseTracer,6,Mobile Healthcare made fun!!,http://www.pulsetracer.com,null$
$515,StartSomeGood,4,Platform for helping social good initiatives raise funds & grow a community of supporters,http://startsomegood.com,null$
$516,Artsy,10,Spotify for the Art World,http://artsy.net,51-200$
$517,Earbits (YC w11),9,Artists and Labels Bid for Online Radio Airtime to Acquire Fans and Market New Releases,http://www.earbits.com,11-50$
$519,Weevify,5,Publishing platform for semantic web,http://weevify.com,$
$523,GameChanger Media,8,Our software helps amateur sports teams be more efficient; informed and connected,http://www.GameChanger.io,11-50$
$524,CrowdMob,9,#1 purveyor of weapons of mass adoption–programatic user acq. platform for growth hackers.,http://www.crowdmob.com,1-10$
$525,BrainRewards,7,Family Game Night Re-Invented,http://www.ohanarama.com,null$
$531,j-Grab Inc,5,j-Grab is all about sharing Hello kitty and Kawaii fashion news and items!,http://www.j-grab.com/,1-10$
$533,Charitable Checkout,6,Rewarded Giving ,http://charitablecheckout.com,1-10$
$534,ClrTouch,6,Tablet ad formats that are designed for touch and gesture interactions.,http://clrtouch.com,1-10$
$537,StepOut,10,India's #1 place to meet new people; have fun experiences; & form real life relationships,http://stepout.com,null$
$554,GourmetOrigins.com,5,GourmetOrigins.com; the Etsy for quality foods,http://gourmetorigins.com,1-10$
$555,Lifesta,2,StubHub for daily deals.,http://www.lifesta.com,null$
$558,vovie ,3,listen to movie,http://www.vovie.net,null$
$568,Merchant Atlas,9,Creating the perfect digital selling machine,http://www.merchantatlas.com,11-50$
$575,Smart Office Energy Solutions,6,Nest for enterprise customers,http://SmartOES.com,1-10$
$587,NearVerse,8,Mobile cloud service for Spaces; real-time interaction mediums on mobile,http://www.lokast.com,null$
$589,Oseberg; LLC ,4,We Believe The Next Great Resource Play Is Hiding In Plain Sight,http://oseberg.io,11-50$
$590,TekTrak,9,Mobile Security,http://www.tektrak.com,null$
$592,Revnetics,9,Monetization platform for direct navigation,http://www.revnetics.com,null$
$595,private,3,private,http://www.none.com,null$
$598,BilingualHire,3,We're a skill-based solutions provider. ,http://www.bilingualhire.co,1-10$
$608,D2Soft Technologies Inc.,4,Webcam API for your site,http://nimbb.com,null$
$617,Alexander Seliverstov,2,Paintings; art objects; décor.,http://www.artepuro.es,null$
$630,Miso Media,10,Provide the optimal user experience for music education using today’s emerging technology,http://www.misomedia.com,null$
$631,Groundcrew,10,Helping groups coordinate better around real-time; real-world needs,http://groundcrew.us/,null$
$639,Taulia,9,,http://www.taulia.com,51-200$
$641,Hip Chicas,5,A smart Hispanic-themed game franchise for "post-Dora the Explorer" older demos.,http://www.hipchicas.com,1-10$
$647,Notifo,8,Twilio for the mobile data-layer,http://notifo.com/,null$
$648,SlimAds,3,Unified Marketing Made Simple!,http://www.slimads.com,1-10$
$649,OhLife,8,Journal by email,http://ohlife.com/,null$
$651,Kambit,6,Changing the Way People Create Change,http://www.kambit.com,null$
$652,Datadog,9,The monitoring & analytics platform for dev and ops teams in the cloud age,http://www.datadoghq.com,11-50$
$654,1glance,5,Take control of your digital life!,http://www.spokestr.com,1-10$
$659,Free Testbank,5,Scribd for college course work.,http://freetestbank.com,null$
$665,Gri.pe,9,BBB 2.0 - Social; Mobile; LBS; Online-to-Offline Local CRM and Lead Gen,http://gri.pe,null$
$674,Gengo,10,The Platform for Global Companies,http://gengo.com,1-10$
$684,Leftronic,10,Visualization-driven data analytics,https://www.leftronic.com,null$
$685,MondoWindow,6,The first in-flight web product for the connected air traveler.,http://mondowindow.com,null$
$687,MyZeus,5,Let friends decide what you watch,http://myze.us,null$
$688,Miso,10,The Ultimate TV Companion,http://gomiso.com,1-10$
$690,Patients Know Best,8,,http://www.patientsknowbest.com,1-10$
$695,Shoppable®,8,Shoppable® allows you to shop & sell products from multiple retailers within one checkout.,http://www.Shoppable.com,1-10$
$702,Group Gift Service,9,BuddyMedia + WePay,http://www.groupgiftservice.com,null$
$703,YourBestDeals.com; Inc.,4,Deal/Offer site with technology to support prepaid vouchers and card-linked offers.,http://www.YourBestDeals.com,11-50$
$707,Charisela Technologies; Inc,2,Next generation assays for flow cytometers  Faster; simpler; more accurate  2/3 less  cost,http://www.charisela.com,null$
$709,Fig,8,Pay faster. Pay smarter. ,http://www.figcard.com,null$
$711,Navegas Media UG,3,Connecting the world of music!,http://www.naveg.as,null$
$712,Worldwide Computer Cpny (Charity Engine),6,The Internet as global supercomputer,http://www.charityengine.com,null$
$713,Fandor,7,Curated / On-Demand / Social Movie Service,http://www.fandor.com,null$
$714,3GALabs; Inc.,5,Sold to Tribal Technologies. ,http://www.appdiscover.com,null$
$720,CardMunch,10,Business cards solved. (Human-powered 100% accurate mobile business card transcription),http://www.cardmunch.com,null$
$724,Social Toddler,5,Yelp for parents.,http://www.socialtoddler.com,null$
$729,Guestlist,7,Meetup for professional events,http://www.guestlistapp.com,null$
$746,AppRats,10,Marketing Platform for YouTube Celebrities,http://apprats.com,null$
$749,CommunityLend,8,Online Loan Marketplace,http://www.communitylend.com,null$
$751,Convert,5,A/B Testing Software for Agencies and Experts,http://www.convert.com,1-10$
$752,Viafoura,5,Social Tools for Enterprise,http://viafoura.com,11-50$
$762,CraftArtEdu,3,Consumer Internet; Education;  Digital Media,http://www.craftartedu.com.com,1-10$
$763,Ruxter mobile marketing,6,Connecting small businesses with mobile customers,http://www.ruxter.com/,null$
$764,Decisive ,9,Mobile Advertising Made Easy,http://www.decisive.is,1-10$
$766,Webvanta,8,SaaS for quality web sites,http://www.webvanta.com,1-10$
$773,Storify,8,The future of storytelling,http://storify.com,null$
$775,Parse.ly,9,The Content Performance Authority,http://parsely.com,11-50$
$780,MUBI,9,Curated Video on Demand Platform,http://mubi.com,11-50$
$782,Instore,8,Happy selling — instoredoes.com,https://instoredoes.com,1-10$
$787,Boost Media,10,Crowdsourced PPC Ads,http://www.boostmedia.com,51-200$
$789,Samanage,6,SaaS IT service desk. Zendesk for IT teams.,http://www.samanage.com,11-50$
$797,Genomera,9,Clinical Trials at Internet Scale (Disrupting the $40B clinical research market),http://genomera.com,null$
$798,The Founding Moms,5,Offline meetups + online resources help mom entrepreneurs get down to business.,http://www.FoundingMoms.com,1-10$
$811,PlaySay,7,Fun & Social Language Learning. A #1 Ranked Education App in the USA. Acquired by Babbel.,http://playsay.com,1-10$
$813,Humanoid,10,Labor in the Cloud. ,http://getHumanoid.com,1-10$
$815,StartupDigest,8,Meet people and learn more in the startup world,http://startupdigest.com,1-10$
$817,TeliportMe,9,Social Network for Immersive experiences,http://www.teliportme.com,1-10$
$818,Sparkbuy,8,Kayak.com for consumer electronics,http://www.sparkbuy.com,null$
$820,Breakthrough.com,10,Online mental healthcare,http://www.breakthrough.com,1-10$
$822,Stik,8,Reviews That Stik.,http://www.stik.com,11-50$
$824,Carnot,5,Amazon  for problem  solving by reference  .ByAutomizing  knowledge scouting  & proving ,http://carnot.in,null$
$826,DailyWorth,9,financial media for women,http://www.dailyworth.com,11-50$
$832,Angaza Design,6,Pay-As-You-Go Solar Financing Technology for Emerging Markets,http://www.angazadesign.com,1-10$
$836,StoryDesk,6,Smart Sales Presentation Software - the Anti-PowerPoint,http://storydesk.com,1-10$
$841,4Spires,2,Business Execution System,http://www.4spires.com,1-10$
$845,Pushing Green,7,Angies List for Green Products & Services,http://www.PushingGreen.com,null$
$847,LexTalk,3,Seamless collaboration for micro communities in the workplace,http://lextalk.com,null$
$852,Skoobit,2,Making education more affordable,http://www.skoobit.com,null$
$855,Vehive,4,Ground Transportation Marketplace.  Rides anytime; anywhere; any reason.,http://vehive.com,null$
$856,Objective Logistics,9,Moneyball. For the Workplace.,http://www.objl.com,11-50$
$858,BusiCopy,3,Social Network For Businesses ,http://www.busicopy.com,null$
$859,Relevvant,9,Data-Driven Marketing across All Channels from One Platform,http://www.relevvant.com,11-50$
$867,Qeyno,5,To Lift Innovation in Every Community,http://www.qeyno.com,1-10$
$868,Ragic,3,Database for your website,http://www.ragic.com,1-10$
$871,Rock Wind,2,Community scale wind turbines -lower cost,,null$
$873,InsightSquared,10,The #1 Salesforce Analytics app for data-driven business executives and their teams,http://www.insightsquared.com,51-200$
$877,Skedo,2,Marketing automation for professional and small companies in Brazil,http://www.skedo.com.br,null$
$882,Foodtree,8,Bandpage meets About.me for the food industry,http://foodtree.com,null$
$884,OpenNearMe,2,Hours-based business search,http://OpenNearMe.com,null$
$886,AppSumo,8,Help companies get new customers for free,http://appsumo.com,11-50$
$890,Argadnet,3,Turn Advertising into a Game for Advertisees!!!,http://argadnet.com,null$
$900,Skillshare,10,Skillshare is a global learning community for classes. ,http://skillshare.com,11-50$
$903,Yokal Sports,5,Covering school sports,http://www.yokalsports.com,1-10$
$904,Talentfizz,3,HubSpot for Recruitment Automation,http://www.talentfizz.com,1-10$
$907,Pantheon,10,Building a big bad-ass platform that will run 30% of the Internet,http://getpantheon.com,11-50$
$915,FeeFighters,9,All in one payments solution,http://feefighters.com,1-10$
$917,InternMatch,10,InternMatch helps employers connect with the best college talent,http://www.internmatch.com,1-10$
$919,CommuteSponsors,2,Transit advertising gone public.,http://commutesponsors.com/,1-10$
$923,GAIN Fitness,9,Hybrid Personal Training,http://gainfitness.com,11-50$
$924,CrowdFanatic,5,The Groups Direct Engagement Platform ,http://www.crowdfanatic.com,null$
$925,eLive Entertainment,4,Social media enhancement,http://www.elive.pro,null$
$927,Atmosphere,2,Music for your novel,http://www.atmosphereapp.com,null$
$928,Bluemanshop.com;LLC,2,The reveser of Ebay with a bigdeal twist,http://www.bluemanshop.com,null$
$930,Evolve,5,Quit playing with yourself.,http://www.evolvehq.com,1-10$
$933,Offermatic,10,Mint.com meets Groupon,http://www.offermatic.com,null$
$937,Hollrback,4,Event based CRM,http://www.hollrback.com,null$
$942,Stark Armoring,2,Dragon Skin Body Armor on steroids,http://www.stark-armor.com,null$
$946,Massive Health,10,Using mobile applications and social leverage / games to monitor and control diabetes,http://massivehealth.com/,null$
$954,Wanderfly,10,Visual travel discovery,http://www.wanderfly.com,null$
$956,Topicmarks,8,Auto-organize your cloud documents meaningfully,http://topicmarks.com,null$
$961,Sedgwick & Cedar,2,Introducing the forgotten history of Hip Hop culture to a modern global audience,http://sc73.com,null$
$962,Pursuit,7,Candidate referrals via social networks,http://www.pursuit.com,1-10$
$963,Labels.io,3,Recruiting made easy,http://labels.io,null$
$966,UpNext,9,Reinventing maps for mobile,http://www.upnext.com,null$
$967,Fluther,9,Multi-site Q&A network,http://www.fluther.com,null$
$972,Archability,3,Crowd sourcing for Architectural Services,http://www.archability.com,null$
$975,OpenSignal,8,Crowdsourced Mobile Sensor Networks,http://opensignal.com,11-50$
$977,Cachet LA,2,GQ of Group-Buying,http://www.cachetla.com/,null$
$979,ScriptPad,8,Electronic prescriptions on mobile devices,http://scriptpad.net,null$
$982,Open Platform as a Service,4,An Open Platform as a Service. As in not closed. ,http://openplatformasaservice.com,null$
$987,Contactzilla,5,Seamless contact management for people; organisations and the enterprise.,http://www.contactzilla.com,1-10$
$990,Digital Proctor,5,Monitors Online Courses for Cheating,http://www.digitalproctor.com,null$
$993,Rule,6,Play at Facebook. Work at Rule.,http://rule.fm,null$
$994,RezScore,5,HubSpot for Hiring,http://www.rezscore.com/src/angel,null$
$995,Affinity Wind; LLC,4,Making Energy Our Own,http://www.affinitywind.com,null$
$999,Accusilicon,6,Accusilicon; chips that enable fast wireless; locatable things.,http://www.accusilicon.com,1-10$
$1003,Crowdbooster,10,Adsense for native content,http://www.crowdbooster.com/,1-10$
$1014,TalkNicer.com,3,Teach everyone English,http://talknicer.com,None$
$1023,Elevate,10,,http://www.elevateapp.com,11-50$
$1034,Megaventory Inc.,5,Inventory and order management for SMBs,http://megaventory.com,1-10$
$1043,Adk,9,Big data for eCommerce,http://www.adku.com,None$
$1045,Khush,8,Intelligent music apps.,http://khu.sh,None$
$1050,Ziggurat Systems,2,Cloud-based coordination platform for the AEC (Architectural; Engineering; Construction) industry,http://www.zigguratsystems.com,None$
$1051,Video Locators,3,35% ROI with Proof,http://www.videolocators.com,1-10$
$1074,AllTrails,8,Discover the outdoors.,http://alltrails.com,1-10$
$1077,Hug,6,Social Energy Analytics,http://www.hugenergy.com,None$
$1080,AskEachOther,3,Social Polls & Opinions,http://www.askeachother.com,$
$1091,damntheradio,9,Social Rewards Platform,http://www.damntheradio.com,None$
$1095,StudentGrid,4,Key-stone of a students social media experience.,http://www.seplatform.com,None$
$1097,FellowUp,6,Personal (executive) assistant powered by an insight engine for managing interactions,http://www.fellowup.com,None$
$1099,FotoNotes,6,Streamlining Field Service Operations,http://www.fotonotes.com,1-10$
$1102,CMP.LY,8,Providing Social Media Measurement; Management; Monitoring & Disclosure Solutions,http://cmp.ly,1-10$
$1104,pedalr,4,A better marketplace for people who love bikes,http://www.pedalr.com,51-200$
$1109,Seamless Receipts,9,Stay connected with in-store customers.,http://www.seamlessreceipts.com,None$
$1110,dressmeSue,5,an experiment in fashion,http://pinterest.com/dressmeSue,1-10$
$1116,MDC Steps Ahead,2,Dance & Fitness Studio,http://www.mdcstepsahead.art.officelive.com,None$
$1124,500 Startups,10,500 Startups is a Silicon Valley seed fund & accelerator founded by PayPal & Google alums.,http://500.co,11-50$
$1125,Snoggle Media,2,Curated Digital Magazines and Social News Communities,http://www.snogglemedia.com/,None$
$1131,IDES Technologies,2,fraud management solutions,http://www.ides-technologies.com,None$
$1136,Ticket Cake,6,Doing for events what Salesforce does for small businesses,http://Ticketcake.com,1-10$
$1140,Phone Home Technology,2,We network the Networking Home environment; seamlessly. ,,None$
$1148,ScholarPRO,7,The Common Application Platform for Scholarships,http://www.scholarpro.com,None$
$1154,Ekso Bionics,9,Helping paraplegics walk again,http://www.eksobionics.com,51-200$
$1158,HealthTechWorks,3,Collaborative knowledge sharing platform and info store for Health IT.,http://www.healthtechworks.com,None$
$1163,CPUsage,9,Heroku for High Performance Computing (HPC),http://www.cpusage.com,1-10$
$1170,VIPFanConnect,3,Tech Software Application For Real Time Celebrity Advertising In Social Media,http://www.vipfanconnect.com,None$
$1172,Offers Network; Inc ,3,Smartphone App for Real Estate sold through Brokers,http://www.offersnetwork.com,None$
$1183,Integrated  Biotechnologies,2,,,None$
$1184,ParetoCentral,2,Marketplace for $50 Gigs,http://www.ParetoCentral.com,1-10$
$1187,Market Data Tools,3,Measure real-time stock market data latency,http://www.marketdatatools.com,None$
$1188,Truevoo,5,Find; Review and Share Apps,http://truevoo.com,1-10$
$1194,Ball Around the World,2,Taking. Over. World. Positively.,http://www.ballaroundtheworld.com,None$
$1202,AvidTrips,6,Social media marketing and lead-gen platform for active travel providers,http://www.avidtrips.com,None$
$1214,ShortForm,8,Social Video Curation Platform,http://www.shortform.com/,None$
$1216,Servusxchange,2,B2B2C Contractor To Consumer Collaboration ,http://www.MyOnlineToolbox.com,None$
$1219,Yovia,3,Yovia is the first People Engine.,http://yovia.com,1-10$
$1221,MotionRocket,2,Sports LED Screen Software. We control jumbotrons.,http://www.motionrocket.com/,None$
$1222,Associated Renewable,2,Energy Consulting & Carbon Managment,http://www.associatedrenewable.com/,None$
$1226,Yowie ,5,,http://www.yowie.com/,$
$1232,Impermium,10,Anti-spam for the Social Web,http://www.impermium.com,None$
$1240,RepCheck,2,Online Reputation Management Power Tool,http://sullivansoftwaresystems.com/,None$
$1242,AwayFind,9,Priority inbox done right; for businesses,http://awayfind.com,None$
$1246,New World ,3,internet record company,,None$
$1247,moolave,4,dropbox for government.  share fully-encrypted files securely.,http://moolave.com,None$
$1258,AllBinary,4,Self Replicating Robot Army,http://www.allbinary.com,None$
$1269,Tvoop,7,Monetize all live & video content! Pay per view Live stream; record; upload videos.,http://www.tvoop.com,1-10$
$1281,Fits,3,Jobvite with Collaborative Hiring,http://www.justfits.com,None$
$1283,Spinback,8,social ROI for ecommerce,http://www.salesforce.com/,11-50$
$1284,LockerDome,7,Collect anything,http://lockerdome.com,11-50$
$1286,Sumwise,4,Creating the App Store for Spreadsheets,http://www.sumwise.com,None$
$1289,Allerin,4,Social Media Application for Medical Practitioners,http://www.allerin.com,None$
$1293,Prodideo,2,Finally a Craigslist Killer,http://www.prodideo.com,None$
$1295,HealthPrize Technologies,4,Driving measurable medication adherence with rewards; education; and fun!,http://www.HealthPrize.com,11-50$
$1296,Zaz,7,The nexus to your connected life,http://www.getzazu.com,None$
$1298,Top Class Actions,3,Profitably Connecting Consumers to CASH and Attorneys to Clients!,http://www.TopClassActions.com,11-50$
$1302,Semiautomatic Semiotics ,5,Projection immersion (aka virtual reality) beyond #Oculus for Brick & Mortar ,http://semiautomatic3d.com,1-10$
$1305,MobManager,4,A google analytics for daily deals.,http://mobmanager.com,None$
$1306,19Pencils,5,Helping teachers discover; manage and share web based educational resources.,http://www.19pencils.com,1-10$
$1326,Evisors,8,Alumni Mentoring Made Easy,http://www.evisors.com,11-50$
$1328,CORUS,5,A people centric collaboration platform.,http://corusapp.com,1-10$
$1342,nmodes,3,nmodes is contextual real-time social data analysis company,http://nmodes.com,1-10$
$1353,PicLyf,5,A collection of HTML5 photo editors,http://piclyf.com,1-10$
$1355,Nearbuy Systems,8,Helps retailers understand & engage multichannel shoppers within the traditional store,http://www.nearbuysystems.com,None$
$1360,Vehicle Network Solutions,4,B2B social-net for car dealers ,http://staging.vnscorporation.com/login,None$
$1377,DocMeIn,5,Scheduling and pricing platform for the global healthcare industry.,http://DocMeIn.com,None$
$1380,huti,3,Aardvark for non english languages,http://huti.r,None$
$1384,ZenCX,4,Better Banking Through Customer Analytics,http://www.zencx.com,1-10$
$1390,Entrustet,4,,http://www.entrustet.com,1-10$
$1410,GinzaMetrics,10,Enterprise Organic Search (SEO) & Content Marketing Platform,http://www.ginzametrics.com,11-50$
$1415,Sprii,4,Social Commerce for Major Brands and Fans                          ,http://www.sprii.com,None$
$1421,Anomaly Innovations,10,Priority Inbox for your Twitter.,http://anomalyinnovations.com,1-10$
$1427,k Power,3,Airborne Wind Energy,http://www.kpowrinc.com,None$
$1441,Wine Maps,3,Build your own Wine Experience!,http://www.winemaps.com,1-10$
$1445,rBlock,6,Micro-local Connected Communities (Neighbors; Businesses; Government; Organizations),http://www.rBlock.com/,None$
$1447,iBuildApp,7,Mobile Presence for Businesses and organizations,http://ibuildapp.com,11-50$
$1454,American Civics Exchange,6,Exchange-traded political futures contracts,http://www.amciv.com,None$
$1467,MobiShop,4,Hassle free discount mobile shopping,http://www.mobishop.co,None$
$1470,friendfund,3,Crowd funding for friends,http://www.friendfund.com,11-50$
$1474,Venturepax,6,Get outside.  Earn rewards.,http://www.venturepax.com,None$
$1480,CredentialedCARE,5,Solving the Workforce Crisis in Long-Term Care ,https://credentialedcare.com/,1-10$
$1491,Ethereal tech. ,2,The leading bespoke/ innovative Apple solutions for UAE consumers ,http://www.consultmac.net,None$
$1497,Griddeo,5,Your Video Channels; Your Video Network.,http://www.griddeo.com,None$
$1509,Pilus Energy,4,Generating energy; gases; and chemicals while cleaning wastewater,http://PilusEnergy.com,1-10$
$1515,DirectTrainer,3,Physical Training via Video Conferencing,http://www.DirectTrainer.com,None$
$1522,Property Maps,5,Real Estate Research,http://www.propertymaps.com,None$
$1526,YogaTailor,4,Pandora for Yoga Videos,http://www.yogatailor.com,None$
$1527,Putter King,3,Franchised Indoor Adventure Golf in Japan,http://www.putterking.jp,None$
$1541,Highlighter,9,Highlighter.com is a Digital Publishing + Analytics Platform for Higher Education,http://highlighter.com,None$
$1542,Jake Knows,4,Funded,http://www.jakeknows.com,None$
$1546,MentorCloud; Inc.,5,eHarmony for mentorship inside Enterprises; Accelerators and Alumni Networks.,http://mentorcloud.com,1-10$
$1547,FotoFuze,2,Picnik for Product Photography,http://fotofuze.com,1-10$
$1556,Qstream,8,Real-time sales enablement & analytics,http://qstream.com,11-50$
$1559,Telegruv,2,The dance telephone game,http://www.telegruv.com,None$
$1561,Coworks,6,Invite-only marketplace for outstanding freelancers,http://www.coworks.com,1-10$
$1562,BringShare,6,Marketing report creation tool,http://www.bringshare.com,1-10$
$1566,Psykosoft,9,Breaking the barriers of creativity,http://www.psykosoft.net,1-10$
$1569,Gruvi,5,Fans for brands ,http://gruvi.tv,1-10$
$1571,SIOK Online,2,Home Foreclosure Auctioneer Case Management System,http://www.siokonline.com,None$
$1572,FullScreenPhotos,2,Dead simple slideshows,http://www.FullScreenPhotos.com,None$
$1583,Computer Network Systems; LLC,2,Enterprise IT solutions for Small and Mid-Sized Businesses,http://www.cnsplanet.com,None$
$1585,KOOWIE,2,One-stop shop social networking,http://www.koowie.com,None$
$1589,Conectiva Consultoria,2,Comparisions and sells between supermarkets,http://conectivaconsultoria.com.br,None$
$1595,PeopleHunt,6,Knowledge dating,http://peoplehunt.me,1-10$
$1598,Social Plaza,2,Shop Connected,http://www.mysocialplaza.com,None$
$1600,The Real Estate Network,4,Business Networking and Specialized Tools for Real Estate Professionals,http://roren.ro/en,1-10$
$1607,WellApps,4,Mobile Health Symptom Tracking Platform,http://www.wellapps.com,None$
$1618,Fundly,10,Crowdfunding For All,http://www.fundly.com,11-50$
$1620,Hedgeable,6,Democratizing Alternative Investing,https://www.hedgeable.com,11-50$
$1624,Investion,4,Combining Lendingclub and Kickstarter to create a platform to fund start ups,,None$
$1625,DoctorBase,7,mHealth as a Service,http://DoctorBase.com,11-50$
$1627,DeskGod,5,Web-sales automation solution,http://www.deskgod.com,1-10$
$1635,Michael Lahalih,2,,,None$
$1639,BizeeBee,9,Memberships made easy.,http://www.bizeebee.com,None$
$1653,Boombotix,7,Audio Focused Wearable Technology,http://www.boombotix.com,11-50$
$1655,IDENTITI,5,Helping people dream better dreams,http://signup.identiti.me,$
$1657,Reality Show Buzz,3,Broadcast your own reality show on Reality Show Buzz,http://www.realityshowbuzz.com,None$
$1663,FlashSoft,10,Veritas for SSDs - enabling real-time big data apps at minimal cost,http://www.flashsoft.com,None$
$1664,Twylah,9,The easiest way to build your brand online,http://www.twylah.com/,1-10$
$1669,Linguistic Agents Ltd,4,Natural Language Command Interface,http://robocrunch.com,1-10$
$1671,VOKLE,7,Talk Show Platform,http://www.vokle.com,None$
$1673,SMARTBeds,4,Online Bed Management Solution for Hospitals,http://www.smartbeds.io,1-10$
$1674,RouteNote,3,Digital Music Distribution,http://routenote.com,None$
$1675,Evo,9,Owning the X-platform data & service layer in the exploding connected device market,http://www.myevoz.com,11-50$
$1684,Shoply,8,Shopping Marketplace. Showcasing Awesome Products From Talented Independent Creators,http://Shoply.com,1-10$
$1688,PRIMARQ,6,Tech; Market-Based Platform Bringing Equity Capital into Housing Finance,http://www.primarq.com,1-10$
$1693,GoodPeople,7,Discover the best new people; brands; and gear from the outdoor world.,http://www.goodpeople.com,11-50$
$1699,Mission Motors,10,Breakthrough Electric Powertrain Technology,http://ridemission.com,$
$1701,Relay Technology Management,5,Harnessing Software Analytics to Improve Drug Delivery Efficiency,http://www.relaytm.com,None$
$1702,Neural Ideas,5,Building Blocks of Robots,http://www.neuralideas.com,1-10$
$1708,Specify,2,project management for designers,http://www.specifyapp.com,None$
$1713,Ghostrade,4,Ghostrade is an online social market place for recycled tech products ,http://www.ghostrade.com,None$
$1715,Skillfully,6,Social Pre-Employment Screening,http://skillfully.com,None$
$1721,Feedgen,6,Your Priority Inbox for Sales Leads,http://www.feedgen.com,None$
$1745,Kopo Kopo,7,We make it possible for any business to accept mobile money payments,http://www.kopokopo.com,None$
$1746,➊.com,2,Unified Twitter; URL shortener; email identity,http://➊.com,None$
$1750,MMGN,5,New Media + Video Games,http://MMGN.com,None$
$1752,Socioclean,4,Understand; Protect and Build your Online Reputation,http://www.socioclean.com,None$
$1755,Kembrel,8,local boutique of today – 2012 convenient; affordable & weekly fresh,http://www.kembrel.com,1-10$
$1761,TapInfluence,9,Influencer Marketing Platform,http://tapinfluence.com,11-50$
$1762,Surf Canyon,7,Improve relevance of internet search,http://www.surfcanyon.com,None$
$1766,WorkforceGrowth,5,Culture Management System,http://www.workforcegrowth.com,None$
$1769,PingPigeon,4,We give you a reason to contact someone,http://www.pingpigeon.com,None$
$1778,Affordit,7,BillmeLater for Subprime Credit,http://www.affordit.com,1-10$
$1783,Codeanywhere,7,Collaboration platform for developers,https://codeanywhere.net,1-10$
$1786,Fanfare Entertainment,4,Fanfare monetizes fans through a scalable; modular mobile application platform.,http://www.fanfareentertainment.com,1-10$
$1787,HealthRally,7,Crowdfunding for personal health motivation,http://www.healthrally.com,None$
$1795,Playhem,7,Video Game Social Network,http://www.playhem.com,None$
$1796,eSpark Learning,7,personalized learning on the iPad for schools,http://eSparkLearning.com,11-50$
$1806,Media Armor,8,The first consumer-centric display platform in mobile; based on 1st-party data,http://www.mediaarmor.com,1-10$
$1807,Staffnote,3,Staffnote; Online staff attendance; leaves; payment; share messages and notes.,http://www.staffnote.com,None$
$1812,Proven,10,Mobile Job Applications,http://www.Proven.com,1-10$
$1815,Wertled Project - Non Keyword based Search Engine,2,The keyword search engines have a flaw; if you can’t think of a word - businesses lose sale.,,None$
$1821,Agora Technologies,5,Video Conferencing Exclusively Around Content,http://www.AgoraTechInc.com,None$
$1828,RiseUp ,4,Connecting athletes & coaches socially,http://ckventures/riseup,None$
$1836,Keona Health,7,Put down the phone. See more patients.,http://www.keonahealth.com,1-10$
$1842,Buzzient,8,Social Business Transformation with Social CRM,http://www.buzzient.com,1-10$
$1847,Mofans,4,Texting for local businesses & organizations,http://www.cellzapp.com/,1-10$
$1850,Twigmore,6,Twigmore is your travel network on Facebook.,http://facebook.com/go.twigmore,None$
$1853,Matchpin,6,End to end mobile rewards and redemption platform,http://www.matchpin.com,None$
$1867,Wisemuv,6,Automated Insurance Agent,http://www.wisemuv.net,11-50$
$1868,Knightsbridge Capital Partners,3,Emerging Markets fund,http://www.knightspartners.com,None$
$1869,SixAM Inc,4,Piggybanks for the ipad generation,http://www.onefatpig.com,None$
$1870,KarmaKey,7,Google Analytics for brick and mortar retailers,http://www.karmakey.com,None$
$1873,Cloudbot,9,Your apps. Simplified.,http://cloudbot.com,None$
$1881,LendAmend,6,First-of-its-kind electronic transaction platform for $1 trillion private loan market.,http://www.lendamend.com,None$
$1884,Beebell,4,The buzz around you.  Providing  the information that the nomadic user wants.,http://beebell.com,1-10$
$1886,ionGrid,8,Secure mobile computing for enterprise.,http://iongrid.com,1-10$
$1887,Energy Recovery Technologies,3,We save our customers 50% on the energy costs of HVAC,http://www.energyrecoverytechnologiesllc.com,None$
$1888,ToutSuite Social Club,2,Live video public market connecting people & their lifestyle idols face-to-face,http://www.toutsuite.com,None$
$1889,AHHHA,6,Idea Marketplace,http://www.ahhha.com,1-10$
$1895,GetMinders,5,Technology for your health.,http://getminders.com,None$
$1896,Thrill Sleds,3,4-Season Mountain Sleds,http://www.thrillsleds.com,None$
$1897,Tidal Labs,7,Passionate voices made louder,http://tid.al,11-50$
$1910,mejuba,2,Best photo and video sharing site - the new Skype ?,http://www.mejuba.com,None$
$1926,Liberation TV,2,Voice; Data; Video. Telecommunications & Broadcasting.,,None$
$1933,Bindo,7,Unified local marketplace via seamless POS integration,https://bindo.com,11-50$
$1949,homingCloud,3,A Real Estate Matching Platform -- happier;  not Broker,http://www.homingcloud.com,None$
$1953,Rallyon,8,Unlocking human potential,http://www.rallyon.com,1-10$
$1958,Altaeros Energies (MIT),5,Rapid Deployment Airborne Wind Turbine,http://www.altaerosenergies.com,None$
$1962,TigerTrade,7,Alibaba 2.0 for Southeast Asia,http://www.tigertrade.com,None$
$1963,Videofy,6,Videofy is a fun; fast and easy app to create and share personal video stories.  ,http://www.videofy.me,1-10$
$1965,Razor  Products,3,Medical Mobility Device for Baby Boomers,http://www.lektra-lift.com,None$
$1974,Icount,7,Connecting Citizens With Their Elected Officials,http://www.icount.com,None$
$1975,PictureThis,5,Event Preservation,http://www.getpicturethis.com,None$
$1979,Trigger.io,10,The simplest way to build amazing mobile apps using the best of HTML5 and native,http://trigger.io,1-10$
$1982,Gripevine,2,We are a Yelp on steriods; allowing a level playing field for both consumers and companies,http://www.gripevine.com,None$
$1984,ClipClash Inc.,3,where video meets social gaming,http://www.clipclash.com,None$
$1997,Social Stork,7,A Facebook-powered Social Hub for Moms.,http://apps.facebook.com/socialstork,None$
$1999,Monthly Ventures,6,Silicon Valley Early Stage Seed Fund,http://www.monthlyventures.com,1-10$
$2004,Humanway ,6,Game-changer for recruiters,http://humanway.com,None$
$2010,Alluring Logic,7,In-store and online customer engagement platform,http://www.alluringlogic.com,1-10$
$2016,Power2Switch (acquired by Choose Energy),8,Mint for energy usage and expenses,http://www.Power2Switch.com,1-10$
$2032,Creative Market,10,Marketplace for handcrafted; mousemade design assets.,http://www.CreativeMarket.com,11-50$
$2033,UrAdGinny,2,online shopping site based on reveal platform,http://www.bestebazaar.com,1-10$
$2035,Grupper Ltd,2,Groupon-similar service with free coupons,http://boombate.com,None$
$2039,HigherNext  ,6,Testing & proctoring platform for online education (Acquired by ProctorU in 2014),http://www.HigherNext.com,1-10$
$2045,perfecthitch,4,Find and compare services for your big event.,http://perfecthitch.com,1-10$
$2049,Secure Highways ,3,We find and fine unregistered vehicles ,http://www.securehighways.com,None$
$2052,Proper Cloth,3,Custom Dress Shirts,http://propercloth.com,1-10$
$2060,Boothster,3,The next evolution in portable displays,http://www.boothster.com,None$
$2061,Outgrown.it,5,A better Craigslist for Parents,http://www.outgrown.it,None$
$2062,GameBuilder Studio,6,Weebly for Game Development,http://gamebuilderstudio.com,None$
$2079,The Resumator,8,An Innovative Applicant Tracking System,http://www.theresumator.com,$
$2081,Figment,6,The addictive hub for teen readers and writers,http://www.figment.com,None$
$2083,Try It Local,5,Bridging local merchants and online revenue,http://www.tryitlocal.com,None$
$2088,Appnami,2,Making mobile change the world.,http://Appnami.com,None$
$2106,Contently,10,Empowering brands and journalists to connect and tell stories,http://www.contently.com,51-200$
$2118,EduPlex Interactive,3,Relational education that engages people in learning; and transforms their thinking,http://www.eduplexinteractive.com,None$
$2120,Munch On Me,8,Discover delicious dishes around you at great prices,http://www.munchonme.com,None$
$2121,inEarth,7,Social gaming 2.0,http://www.inearth.com,None$
$2130,Nightshade Labs,3,,http://www.nightshadelabs.com,None$
$2135,WatchParty,6,WatchParty is defunct. Thanks anyway!,http://chattabout.com,1-10$
$2148,Device Magic,6,SurveyMonkey for mobile,http://www.devicemagic.com,1-10$
$2150,EdLocker,4,Cloud for Education,http://www.EdLocker.net,None$
$2161,iizu,3,Gaming In-Store,http://www.iizuu.com,None$
$2163,Amyx,2,Artificial Intelligence of Financial Advice,http://amyx.co/,None$
$2164,AskDroid,5,Firefox search bar for smartphones,http://askdroid.sadko.mobi,None$
$2168,Appticles,6,We help content creators to effortlessly publish cross-platform mobile web applications.,http://www.appticles.com,1-10$
$2169,BlurtAbout,4,Every thought matters,http://blurtabout.com,1-10$
$2176,UCampus,5,,http://ucampus.net,1-10$
$2179,BusinessReel,2,Vertical search engine for business for sale listings,http://www.businessreel.com/,None$
$2188,UpToUs,5,Social eco-system for parents,http://www.uptous.com,None$
$2190,ACE TECHNOLOGIES,2,Starting up a social network.,,None$
$2197,Vayable,10,Marketplace for unique experiences (YC S12),https://www.vayable.com,1-10$
$2198,Sportlyzer,7,Helping sport clubs improve their effectiveness and sport awareness.,http://sportlyzer.com/,1-10$
$2204,hitME Gifts,4,Personalized social digital gifting,http://about.me/isabelsummers,None$
$2206,tarpipe,6,ifttt meets Yahoo! Pipes,http://tarpipe.com,None$
$2207,Gbolso,3,Personal money control,http://www.gbolso.com.br,1-10$
$2215,CriticalArc,4,Enabling OmniPresence,http://criticalarc.com,None$
$2222,SiteCake,4,Simple; drag and drop CMS for fast editing,http://sitecake.com,1-10$
$2223,The Phantom Empire,3,A triumph of mad science.,http://www.thephantomempire.net,None$
$2231,Roo Natural Foods,3,All natural; restaurant-quality soup in a shelf-stable pouch,http://www.roonaturalfoods.com,None$
$2241,4leafmobi,6,Mobile Casino Gaming,http://www.4leafmobi.com,None$
$2244,Visualnet,6,Film & TV Production Industry Marketplace,http://www.visualnet.com,None$
$2245,cloudControl,6,PaaS made in Germany,https://www.cloudcontrol.com,$
$2246,Edorati,4,News with your friends and family,http://www.edorati.com,None$
$2247,Vitality Zone,3,YouTube Health & Fitness ,http://www.vitalityzone.co.uk,None$
$2249,AutoShag,1,Dealer auto auctions - made public.,http://www.autoshag.com,None$
$2255,StyleTrek,9,Social Commerce for Emerging Designers,http://www.styletrek.com,None$
$2256,Butaca,5,A mix of Netflix and Hulu for the worldwide Spanish Language audience,http://www.butaca.tv,None$
$2258,FGL,2,Electronic roulette (gaming machines),http://www.fgl.rs,None$
$2259,Loose Button,4,Helping consumers discover great products - one sample at a time.,http://www.loosebutton.com,None$
$2260,Sunny Ocean Studios,3,3D without glasses,http://www.sunny-ocean.com,None$
$2263,Momo Networks,3,MOMO Local is a DIY online bulletin board for your trusted community.,http://www.momolocal.com,1-10$
$2275,LetsLunch,6,Linkedin + Lunch = LetsLunch. We make YOUR lunches meaningful. ,http://letslunch.com,1-10$
$2284,Shows Social,2,Social Cinema,http://www.shows4.com,None$
$2285,Renegade Tool Company,3,,http://www.RenegadeToolCo.com,None$
$2294,MailerLite,5,Email Newsletters Made Super Easy,http://www.mailerlite.com,None$
$2304,Addoway,7, Innovative new marketplace,http://www.addoway.com,None$
$2305,JoynIn,5,Empowering employees to easily use their social networks to create loyal customers.,http://www.heyjoynin.com,1-10$
$2310,Piccsy,7,Flipboard x Google Images x Pinterest. Piccsy helps you discover the images you love.,http://www.piccsy.com,None$
$2313,Sequential Media,4,Sequential Media provides tagless retargeting in the mobile or desktop web without cookies,http://www.sequentialmedia.com/?utm_campaign=Earned&utm_medium=Social&utm_source=AngelList&utm_content=Profile,1-10$
$2316,ComeHike.com,3,Site for hikers to create hiking groups; find hikes; and share knowledge about hiking,http://www.comehike.com/,None$
$2321,TapBuy,3,1-Click shopping for mobile,http://tap-buy.com,None$
$2323,Filmaster,7,Entertainment Personalized.,http://filmaster.tv,1-10$
$2332,Skyara,8,Marketplace for things to do,http://skyara.com,None$
$2337,500px,9,500px is a premium photo sharing platform for aspiring and professional photographers,http://500px.com,11-50$
$2342,Seattle Waterproof Deck,3,Waterproofing decks in Seattle . . . . Duh =),http://www.seattlewaterproofdeck.com,None$
$2345,All Access,3,Subscription access to real college football scouts,,None$
$2346,Remobo,6,Remobo is the Skype of VPN,http://www.remobo.com,None$
$2350,Badger,5,Stitch together the things you love; wherever you find them,http://playbadger.com,None$
$2353,Brix Software,3,Agile Project Management web app,http://www.brixhq.com,None$
$2359,Portable Pixels,2,Mobile game company with recent top UK paid game in the App Store. ,http://portablepixels.com,1-10$
$2365,PrintMo by Keen,9,Marketplace for print and promotional products... produced locally,http://keenprint.com,11-50$
$2374,Geektrip,5,Bridge Europe and Silicon Valley in terms of Bsiness & Technology,http://geektrip.org/,None$
$2379,Fanalyze,4,The Analyze in Sports,http://www.fanalyze.com,None$
$2386,Dygest,8,Play the News - Pick a Side,http://dygest.com,None$
$2398,Wappwolf,6,Share it Your Way - Follow it Their Way,http://wappwolf.com,None$
$2405,RAIN,7,Your Mobile Ad Agent in Your Pocket,http://www.RainLocal.com,11-50$
$2407,Skyslip,3,Time to debate,http://www.skyslip.com,None$
$2415,Swivl,7,Telepresence with a memory.,http://www.swivl.com,11-50$
$2420,MyNines,7,First & only aggregator of private sale sites,http://www.mynines.com,None$
$2436,LearnBoost,10,Acquired by WordPress - largest of their 12 acquisitions to date,https://www.learnboost.com/,1-10$
$2443,Keepio,6,Pinterest + GroupMe + eBay,http://keepio.com,None$
$2445,mediafeedia; Inc. ,3,Social Media Management - Made Easy and Affordable,http://www.mediafeedia.com,1-10$
$2449,VoicePass,5,VoicePass Mobile Security & Mobile Payments Verification Solution,http://www.voicepasspc.com,None$
$2450,GunUp,5,Premier Firearms Publishing Network,http://www.gunup.com,1-10$
$2458,LearnCore,7,Create Top Performers,http://www.learncore.com,11-50$
$2469,Zuznow,4,MADP for Enterprise Web-Based Applications,http://www.zuznow.com,1-10$
$2481,SpareFoot,9,Comparison shopping marketplace for self storage,http://www.sparefoot.com,51-200$
$2497,WhereverTV,1,A virtual cable TV platform delivering linear programming to Connected TVs and Devices.,http://www.wherever.tv,None$
$2498,LuckyOtta,2,you g otta shop to win,http://www.LuckyOtta.weebly.com,None$
$2501,Contractor Yard Sale,3,craigslist for construction,http://www.contractoryardsale.com,None$
$2502,All Lending Source; LLC,2,Investment Opportunities,http://www.alllendingsource.com,None$
$2504,LiveViewer,2,LiveView photo remote shooting camera app for iPad/iPhone,http://teemusk.com,None$
$2511,CrowdAboutNow,3,Crowdfunding platform for entrepreneurs and investors,http://www.crowdaboutnow.com,None$
$2516,GrexIt,7,GrexIt turns your Gmail into a Simple; Powerful collaboration tool.,http://grexit.com,1-10$
$2518,InMojo,3,,http://www.inmojo.com/,None$
$2519,Booshaka,9,Booshaka is consumer CRM software to engage and convert fans on the social web.,http://www.booshaka.com,1-10$
$2522,Three Day Rule,6,Personalized Matchmaking and Online Dating Company,http://www.threedayrule.com,11-50$
$2523,Whats New On The Net,5,Web World & Smartphone Apps News & Internet-related Startups for Netizens,http://www.whatsnewonthenet.com,1-10$
$2524,Mobi2go.net,3,QR code and Mobile Marketing service,http://mobi2go.net,None$
$2526,Cardcloud,8,Cardcloud is your online business card.,http://cardcloud.com,None$
$2539,Whynatte,6,The name brand ready-to-drink coffee used as a mixer. True innovation in the mixer market.,http://www.whynatte.com,None$
$2547,Open Garden,9,You Are the Network,http://www.opengarden.com,1-10$
$2558,CallOnTheGo,4,Phone app that auto speed dials lists of numbers for sales while tracking results online. ,http://www.callonthego.com,1-10$
$2559,R&D Financial,3,Your one stop shop solution for Outsourced Accounting/Finance & HR services.,http://www.rd-financial.com,None$
$2561,Treatful,10,acquired by OpenTable,http://www.treatful.com,None$
$2563,Pipeline Manager,5,Disruptive CRM - without disrupting,http://www.pipelinemanager.com,None$
$2568,morguefile,2,morguefile.com,http://www.morguefile.com,None$
$2570,Health Recovery Partners,2,A Platform for Hospital Revenue Cycle Centralization,http://www.healthrecoverypartners.com,None$
$2577,Jspot ,3,New take on flash promotions,http://www.jspotapp.com,None$
$2593,BluePier,2,Audio Augmentation Hotspot Technology,http://www.bluepier.net,None$
$2595,Takeoff,5,Basecamp for Video Production,http://www.takeoffvideo.com,None$
$2598,Sucuri,5,Website Malware Monitoring and Cleanup,http://sucuri.net,None$
$2610,Chat Sports,7,Personalized sports news from thousands of sources; in one social feed.,http://www.chatsports.com,1-10$
$2613,Innovation Angel Card,4,The venture fund in your wallet,http://www.innovationangelcard.com,None$
$2628,Bookfly,2,Online Textbook Rental Service in Canada,http://www.bookfly.ca,None$
$2634,Ohm ,4,Audio Instagram,http://www.ohmmusic.com,None$
$2657,Spot Rocking,3,Bringing Digital Interactions into the real world.,http://spotrocking.com/,None$
$2658,Publishedin,2,Advertise your business with content - Not ads.,http://publishedin.com,None$
$2662,Stampede.It,4,Group buying for digital goods and services,http://www.stampede.it,None$
$2663,OpenCal,6,Online Appointment Booking for Business.,http://opencal.com,None$
$2679,Aframes Eyewear,2,Cause Driven; High-Quality Eyewear Brand,http://aframeseyewear.com/,None$
$2683,AgreeDo,4,AgreeDo is a web application which helps you to get more out of your meetings.,http://www.agreedo.com,None$
$2699,BONVU,4,Global logistics and shipping for individuals and small business,http://www.bonvu.com,None$
$2704,Myddia,4,A technology company that develops the first online advertising platform that successfully connects businesses and traditional media publishers.,http://www.myddia.com,None$
$2713,LovingEco,5,Eco vertical for private member sales,http://www.lovingeco.com,None$
$2720,Admozi,4,Digital Billboards Everywhere,http://admozi.com,None$
$2743,SportsKeeda,5,One of the largest sports writers network  on web,http://www.sportskeeda.com,11-50$
$2748,StyleJam,3,StyleJam will host web design portfolio that are completely customized through CSS,http://stylej.am,None$
$2752,Fileboard,7,Sales Engagement Platform,http://www.fileboard.com,11-50$
$2757,MobileBits,6,cloud based game developer ecosystem for iOS; Android; WP7; web & more,http://deltaengine.net,None$
$2758,AudioBot,3,Revision 3 for Creative Geeks,http://bluerize.com,None$
$2765,iPortfolio,2,Online Financial Advisors,http://www.iPortfolio.com,None$
$2771,musicx.fm,4,Ebay.com for the monetization of free music,http://www.musicx.fm/,None$
$2772,ThaTrunk,5,With our platform; we build location-based mobile enterprise applications,http://www.ThaTrunk.com,None$
$2776,SproutVideo,5,Video Hosting for Small Businesses,http://www.sproutvideo.com,1-10$
$2793,The Internet Time Machine,2,Trend Analytics & Search Engine,http://www.TheInternetTimeMachine.com,None$
$2794,NetToons,4,Bringing SpongeBob to Facebook in social entertainment game,http://www.nettoons.com,None$
$3003,Eskimi,4,Largest mobile social network to meet new people in Africa; heading for global champion,http://m.eskimi.com,null$
$3004,Phoenix Mining,2,Platinum Mining,http://N/A,null$
$3005,SetForMarriage.com,2,,http://www.SetForMarriage.com,null$
$3011,WordWatch,7,AdWords Optimization; Automated!,http://www.wordwatch.com,null$
$3016,Oberon3,3,Customer Comments cards via Voice and Mobile Phones,http://www.opiniator.com/,null$
$3019,PerfectPost,7,Social Commerce: Optimized,http://perfectpost.net,1-10$
$3022,Viewsline,3,A interviews hub,http://www.viewsline.com,null$
$3023,Sikisoko,3,THE VISUAL INTERNET ,http://www.sikisoko.com/,null$
$3024,Spreaker,7,Spreaker is a broadcasting studio that fits in your pocket,http://www.spreaker.com,11-50$
$3029,Travelstormer,4,A Travel Planner for groups to communicate; collaborate and "decision-make",http://ww.travelstormer.com,null$
$3032,Moorham Enterprises,2,Virtual Educa-fun on steroids for kids!,http://www.moorhamenterprises.yolasite.com,null$
$3033,Chromatik,10,Life is short. Play more music.,http://www.chromatik.com,11-50$
$3034,In the Stacks,3,Expert Book Recommendations & Librarian Content Curation,http://www.inthestacks.tv,1-10$
$3036,Ether Books,3,Mobile Social Reading,http://www.etherbooks.com,null$
$3039,BetterLesson,8,Facebook for Teachers,http://www.betterlesson.org,null$
$3042,Amped Fantasy,3,Fantasy Sports meets Social Media,http://www.ampedfantasy.com,null$
$3046,Cortex,7,Share fast,http://cortexapp.com/,null$
$3051,Happy Hour Finder,2,Advertising Platform for Bars & Restaurants.,http://thehappyhourfinder.com,null$
$3053,Mobdog,4,Hyperlocal Communities,http://www.mobdog.com,null$
$3054,TeamMash,5,Your personal guide to the best sports content on the web.,http://www.TeamMash.com,null$
$3074,Prismplay,3,A platform that lets advertisers create videos that adapt and change realtime.,http://www.prismplay.com,null$
$3080,Pharaoh's,2,Pharaoh’s is an exclusive full service men grooming spa; a place that is ‘His Place.’ ,http://www.pharaohhisplace.com,null$
$3082,Captricity,10,Democratizing Data Access,http://captricity.com,11-50$
$3084,Cooplr,2,Groupon meets OpenTable - Group discount booking platform,http://www.cooplr.com,null$
$3087,RocketHub,6,,http://www.rockethub.com,1-10$
$3093,Quohive,2,Connecting common users based on media consumption.,http://www.quohive.com,null$
$3099,Nitch,6,Facebook + Google; for the B2B market,http://www.nitchbiz.com,null$
$3100,jjj,4,,http://www.google.com,null$
$3106,Xfire,9,,http://www.xfire.com,1-10$
$3108,FasterPants,6,Our Patent Pending software allows you to increase AOV in men's and women's clothing.,http://www.fasterpants.com,null$
$3109,Soquel Energy Corporation,2,Revolutionizing the Utility Grid ,http://soquelenergy.com,null$
$3111,SocialApp.ly,2,Facebook Applications Developer for Agencies,http://socialapp.ly,null$
$3118,P2C,3,Convert Web Designs to Dynamic Code In Less Than A Minute,http://www.psd2cssonline.com,null$
$3121,Fracture,7,Innovating photo decor,http://www.fractureme.com,null$
$3122,Yellow Monkey,3,Yellow Monkey is Visual Discovery; Collective Ranking & Bookmarking of great websites.,http://www.yellowmonkey.co,1-10$
$3128,MBA Bloom,2,Insightful  Cash Flow Model for LPs,,null$
$3129,Mopion,4,Leave the sand at the beach!,http://www.sandoff.com,null$
$3130,You Scoop it,2,Pandora for People; Places & Things,http://www.youscoopit.com,null$
$3131,Bloggers Compete,2,Get a crowd of bloggers to blog and link back to your site by launching a blog contest,http://www.BloggersCompete.com,null$
$3138,Off Track Planet,7,A Travel Guide for the Ever Changing World,http://offtrackplanet.com,1-10$
$3141,Meylah,4,Create your own branded & curated marketplace to sell as a group.,http://www.meylah.com,1-10$
$3142,Cityposh,4,Brand advertising using casual social gaming,http://cityposh.com,null$
$3146,Crowdstream (acquired by RadioIO),6,At-event engagement & monetization,http://getcrowdstream.com,1-10$
$3147,Trusted Insight,8,Making Institutional Investing Easy ,http://thetrustedinsight.com,11-50$
$3148,XngeMe,2,We’re the handshake to your digital world. ,http://www.xnge.me,null$
$3149,ValueFind,2,Revolutionary (Yes; Really!) Online Comparison Shopping Marketplace,http://www.ValueFind.com,null$
$3152,PeekYou,7,indexing the public web around people,http://www.peekyou.com,null$
$3156,LyricFind,5,,http://www.lyricfind.com,null$
$3161,Traitwise,6,Crowd-sourced health information and research,http://www.traitwise.com,null$
$3164,NOISEVOX,2,Music Television - For a New Generation,http://www.noisevox.org,null$
$3165,Argyle Social,6,On a mission to help businesses drive meaningful outcomes through social media marketing.,http://argylesocial.com,null$
$3166,MoxieQ,4,Queer Eye meets HuffPo meets OWN (Oprah Winfrey Network),http://www.moxieq.com,null$
$3168,Menuette,6,Making menus usable outside the restaurant.,http://menuette.com,null$
$3170,MightyNest,7,Powering mighty lives,http://MightyNest.com,1-10$
$3171,Arsenal Industries,4,Hollywood + Social Gaming 2.0,http://www.arsenalindustries.com,null$
$3177,Benchmark Trade,2,International trade; E-commerce; Digital catalog creation,,null$
$3185,DatKey,3,Personal Cloud Desktop,https://DatKey.com,1-10$
$3186,myLanguage,6,Real-Time Conversational Translation SaaS Platform,http://www.myLanguage.me,1-10$
$3188,TutorKinect,2,Live Video Chat Tutoring using Xbox Kinect / Windows Live,http://TutorKinect.com,null$
$3191,RealtyGlue,4,Helping REALTORS reach and retain local customers using social and mobile tools,http://www.realtyglue.com,1-10$
$3193,WikiOrgCharts,7,We Org Chart the World,http://www.wikiorgcharts.com,null$
$3194,myasiatrade,3,Asia Online marketplace,http://www.myasiatrade.com,null$
$3196,Untappd,5,Social network for beer enthusiast. Real time analytics & marketing tool for breweries.,http://utnappd.com,null$
$3197,Seamless.ly,7,A visually-searchable private timeline for everything you do; everywhere,http://www.seamless.ly/,null$
$3199,eEvent,6,Loyalty Program for Events,http://eevent.com,null$
$3204,Toshl Finance,8,Making finance fun.,http://www.toshl.com/,1-10$
$3206,PRB Environmental Group,2,Groundwater Remediation,http://www.prbeg.com,null$
$3213,Seekyt,4,Tutorials; Guides; and Reveiws by You,http://seekyt.com,1-10$
$3214,ErasmusU,2,The Wikipedia of international students,http://www.erasmusu.com,null$
$3225,Edhance,6,StudentAdvantage on steroids,http://www.crunchbase.com/company/edhance,11-50$
$3228,Fingertize.com,4,Fresh Mobile Ad Network,http://www.fingertize.com,null$
$3231,Prevail Health Solutions,3,Digital mental health care,http://www.prevailhs.com,11-50$
$3232,Lucky Orange,5,Usability & Customer Service Powerhouse,http://www.luckyorange.com,1-10$
$3233,Adility (Acquired by inComm),8,Enabling Online-to-Offline Commerce!,http://www.adility.com,1-10$
$3239,FTW,6,Your universal gaming identity.,http://www.ftw.co,null$
$3243,CraftJack,4,Improving service provider communication w homeowners. Acquired by Homeadvisor,http://www.CraftJack.com,11-50$
$3252,NanoMed Targeting Systems,3,A new revolutionary treatment for Atrial Fibrillation,http://ww.nanomed-systems.com,1-10$
$3257,NewsCurve,5,Analytics for Publishers,http://www.newscurve.com,1-10$
$3258,Zuvvu,6,A Do-it-yourself Social Media Advertising Platform,http://zuvvu.com,null$
$3259,accumulusplus,4,Mint for Retirement,http://www.accumulusplus.com,null$
$3260,Pandoodle,5,Technology for Individually Customized Video.,http://www.pandoodle.com,null$
$3261,NextGen Fantasy Sports,2,Still just playing in the same BORING Fantasy Football League? -EVOLVE,http://www.fantasyfootballevolution.com,null$
$3266,Fidelis Education,7,Enterprise platform for student-centered learning,http://www.fideliseducation.com,11-50$
$3274,ActualMeds,6,Medication Reconciliation at Point of Care,http://www.actualmeds.com,1-10$
$3277,yGGLE,3,Adobe Illustrator for writing software,http://www.yGGLE.com (currently offline),1-10$
$3281,Flipper Remote,2,myDen ecosystem.  Think "Netflix for Grandma" + "Help; I've fallen and I cant get up",http://www.FlipperRemote.com,null$
$3282,Gozamos,2,Gozamos; a spotlight on Latino community and culture,http://gozamos.com/,null$
$3284,Pen io,10,Simple Online Publishing,http://pen.io,1-10$
$3287,Dibbs,2,The Google of fun!,http://www.gotdibbs.com,null$
$3288,Dibbs,2,The Google of fun!,http://www.gotdibbs.com,null$
$3289,Archiosoft,3,Dead Simple Infrastructure Monitoring,http://www.archiosoft.com,1-10$
$3291,GroupAppz,4,Social applications for groups which exploit the GroupGraph,http://www.groupappz.com,null$
$3292,LTR.com,4,Next-generation dating site going after eHarmony with a Freemium model,http://www.ltr.com,null$
$3295,Disqus,10,The largest network of discussion communities in the world.,http://disqus.com,51-200$
$3296,Kibin,8,Crowdsourced Copy Editing,http://www.kibin.com,null$
$3306,VTNGLOBAL,5,Mobile Transaction network,http://www.vtnglobal.com,1-10$
$3309,Addroid,6,Multiscreen video banners you can traffic anywhere.,http://addroid.com,11-50$
$3311,SmartCamp,4,,http://www.ibmsmartcamp.com,null$
$3312,Planely,5,Meet people while you fly,http://www.planely.com,null$
$3316,Rondezvoo,2,Singles Lifestyle Service,http://www.rondezvoo.com,null$
$3317,Wadja,3,Plus Mention Messaging,http://www.wadja.com,1-10$
$3318,PowerInbox,9,PowerInbox brings apps to your emails; just like the iPhone brought apps to your phone.,http://powerinbox.com,1-10$
$3319,Arquiware,3,Natural Language Processing Library for pt-BR locale,http://www.arquiware.com.br,null$
$3321,PrismaBox,5,The all-in-one solution for photographers.,http://prismabox.de,1-10$
$3325,Kijubi - The Experience Marketplace,7,A commerce and marketing platform for recreational activity providers. AKA: Pain Reliever.,https://www.kijubi.com,1-10$
$3326,AisleFinder,5,Google Maps for Supermarkets,http://www.AisleFinder.com,null$
$3334,Evolyte,3,,http://evoltye.com,null$
$3335,MusicSynk - Sync Rights Organization,4, MusicSynk - Sync Rights Organization,http://musicsynk.com/,null$
$3336,Craft Coffee,10,Moving coffee sales online (YC S14),http://craftcoffee.com,1-10$
$3339, Shop In Spa,4,Private Label E-Commerce for Resorts/Spas,http://www.mbpartnerships.com,1-10$
$3345,MOWGLI,6,We are a game company founded on the mission of connecting people through social creation.,http://www.mowgligames.com,null$
$3346,Joybricks,2,,http://www.joybricks.com,null$
$3348,myPizza.com,2,Online portal for pizza restaurants nationwide,http://mypizza.com,null$
$3363,Pursuitist,4,A Trip Advisor for Luxury,http://pursuitist.com,null$
$3368,Gumiyo,3,Mobile SaaS,http://www.gumiyo.com,null$
$3370,PHINS,2,Saving the world's aquatic ecosytems,,null$
$3372,71lbs,7,Fast; free; and automatic FedEx & UPS shipping refunds,http://www.71lbs.com,1-10$
$3373,StorkBrokers,7,Etsy for Parents!,http://www.storkbrokers.com/signup.aspx,1-10$
$3377,Social27,4,Social eLearning platform (Digital Learning academies for any organization),http://social27.com,11-50$
$3379,FaceItPages,3,Facebook Business Pages On Steroids,http://www.faceitpages.com,null$
$3380,BrainEngine Systems,4,Cloud Based Development Platform,http://www.brainengine.net,null$
$3383,iJourney,3,Scrapbook Timemachine,http://www.ijourney.com,null$
$3384,mycleveragency,2,Full Service Social Media Agency,http://mycleveragency.com,null$
$3388,Oxygen Plus,2,Personal portable oxygen; when performance counts!,http://www.oxygenplus.com,1-10$
$3389,Smood it,3,Twitter for feelings,http://smood.it,null$
$3393,IMGuest,3, IMGuest.com is a new global social arena used by business travel individuals to connect and create new business opportunities by checking into hotels from all over the world. ,http://www.imguest.com,null$
$3395,Pockets United,4,Split Costs; Share Fun!,http://www.pocketsunited.com,1-10$
$3396,NoobTrader,3,Selling online for newbies,http://www.noobtrader.com,null$
$3399,Quegal ~ A question of legal ®,5,The world's first live online pay-as-you-go legal advice service,http://www.Quegal.com,null$
$3400,ShopWiz - Wizly Tech,3,The first social Q&A site for your next purchase,http://shopwiz.me,null$
$3401,Positionly,7,SEO Software. Built for people.,http://positionly.com,11-50$
$3403,Placcess,3,Manage Location Based Services in One Location,http://www.placcess.com,null$
$3404,Kongoroo,2,Aggregates kids sites; converts tablets to the perfect device for a child,http://www.kongoroo.com,null$
$3405,Grabbed Pty,2,Group Buy like Ebay in Australia,http://www.grabbed.com.au,null$
$3410,DNSimple,4,Simple domain registration,http://https://dnsimple.com,null$
$3415,Failsafe Hazmat Compliance,2,Hazmat shipping compliance software. (Labelmaster),http://failsafehazmat.com,null$
$3417,Civi-Side,3,Recruit Veterans for Aptitude; Train for Skills,http://civiside.com,null$
$3418,Social Universe,3,No more dumb dates. Meet your match. Over 40;000 members,http://brainiacdating.com,$
$3420,iWish: Collaborative Social Gifting,5,Easy and Fund way to Send and Receive Real Gifts on Facebook,http://test.iwishapp.com,null$
$3422,THE NOCKLIST,3,Online Art Content,http://www.nocklist.ning.com/,null$
$3423,FundedGrads,2,Online Marketplace of Successful Crowdfunded Projects From Kickstarter; IndieGoGo; etc,http://www.fundedgrads.com,null$
$3433,Recover,2,Alcohol Without The Consequences,http://www.myrecover.com,null$
$3436,Talentville,4,Online screenwriting community and marketplace for the Movie/TV industries,http://www.talentville.com,null$
$3437,Boldport,3,Circuits. Beautiful. Functional.,http://www.boldport.com,1-10$
$3442,Webpop,5,The Cloud CMS for Designers and their Clients,http://www.webpop.com,1-10$
$3447,myBeegle,3,No Coupons or Barcodes; just Rewards-based LBS Monetization Engine,http://www.myBeegle.com,null$
$3451,Shutl,9,Giving Shoppers what they want; when they want it.,http://www.shutl.com,1-10$
$3453,IREHAB.com,5,Physical Therapy and Fitness apps for web and mobile,http://IREHAB.com,null$
$3458,Upverter,9,Hardware engineering platform (YC W11),http://upverter.com,11-50$
$3460,zuku,3,SMS for organizations,http://www.ezuku.com,null$
$3461,Madmagz,4,Madmagz is a website that enables anyone to create a custom magazine.,http://www.madmagz.com,null$
$3463,MogoTix,9,Simple; social; secure mobile ticketing,http://www.mogotix.com,null$
$3464,Top Hat,8,Platform for interactive learning in the classroom,http://www.tophat.com,51-200$
$3473,drchrono,10,iPad EHR + Medical Billing,http://drchrono.com,11-50$
$3474,NewAer,7,SDK to make applications smart by auto-executing actions based upon whom or what is nearby,http://www.newaer.com,1-10$
$3479,RentPost,6,Simplifying Rent,http://rentpost.com,1-10$
$3482,MYCO Suite,3,CRM; Project-management; Billing; document management and more. (for SME's),http://www.mycosuite.com,null$
$3483,Liker,3,Link Sharing and Curated search,http://liker.com,null$
$3490,Kadoo,7,Your private video cloud so you control who sees what.,http://www.kadoo.com,null$
$3493,Meridian,7,Apps for Places.,http://www.meridianapps.com,null$
$3494,Nexercise,8,Up to something big in health in fitness (stay tuned),http://www.Nexercise.com,1-10$
$3496,Max's Price Guides,2,Internet Consumer Price Guide for Diamonds,http://DiamondPriceInfo.com,null$
$6017,Interbots,4,Cute Robots for Autism Therapy,http://www.interbots.com/,null$
$6028,Kicksend,10,Share & print photos from your smartphone (YC S11),http://kicksend.com,11-50$
$6035,Innovator/Connector/Futurist,3,People + Technology = Bridging the gap between the Digital and Physical Worlds!,http://www.OlogyEvents.com,null$
$6057,MyCase,6,The easiest way to manage your practice.,http://www.mycaseinc.com,null$
$6060,Xferral,2,Personalized daily deals aggregator and so much more! ,http://xferral.com,null$
$6064,TIM3LINE,2,Everyman's legacy.,http://www.tim3line.com,null$
$6073,Artoo,5,Improving access to financial services for the world's poor,http://www.artoo.in,1-10$
$6098,MeeGenius,7,Children's Digital Bookstore,http://www.meegenius.com,11-50$
$6105,Myrio,5,Myrio is an omni-channel shopping concierge providing predictive data analytics,http://www.myriosolution.com/,1-10$
$6110,Utopic,7,Visual social bookmarking,http://utopic.me/,null$
$6142,Marketaction,4,Of a very different seed.,http://www.marketaction.com,1-10$
$6165,Zaplee,5,Call Centers Using Skype & Google Voice,http://www.zaplee.com,null$
$6178,Formvertise,4,Forms as Ads,http://www.formvertise.com,1-10$
$6185,Transfluent,6,Rapid professional language translation for social media; web and apps,http://www.transfluent.com,11-50$
$6189,TrendSpottr,4,Predictive Social Intelligence,http://trendspottr.com,1-10$
$6192,Giftsend,2,Giftsend is YouTube meets mobile gift cards,http://www.giftsend.com,null$
$6208,KUMARII,3,Etsy for Indian Fusion Fashion.,http://www.kumarii.com,null$
$6215,OmniLync,5,Powering the Latest in Loyalty; Shopper Marketing; and Data Analytics for SMB Retail,http://www.omnilync.com,1-10$
$6224,JOYRIDE 2,7,Facebook + Forums + Eventbrite for Automotive Enthusiasts,http://www.joyride.com,1-10$
$6228,airpim,2,Connecting entities through digital cards,http://www.airpim.com,1-10$
$6235,Political FORCE,2,Salesforce.com for political campaigns,http://www.politicalforce.com,null$
$6242,Liar Liar List,2,LLL solves the #1 problem in online dating – 81 % of users lie on their dating profiles!,http://liarliarlist.com,null$
$6244,Clikthrough,7,Adwords for Video; now you can click on stuff in video and not watch boring ads,http://www.clikthrough.com,1-10$
$6261,Zugara,5,Virtual Dressing Room Platform For Retailers,http://www.zugara.com,1-10$
$6279,MyKidzKonnection,4,Privatized Social Networking (Face Booking) for Parents only.,http://www.MyKidzKonnection.com,null$
$6301,Mysoorian Holdings USA ,2,Social Network of the Elite,http://www.postboxnetwork.com,null$
$6304,Goyus,2,Cloud computing application that offers online backup & restore with lots of features,http://www.goyus.com,null$
$6308,AdventureLink Travel,6,Leading distribution network for the $89 billion adventure travel market.,http://www.adventurelink.com/,1-10$
$6328,LocBox,9,Generating Revenue and Foot Traffic for Local Businesses With Quantitative Marketing,http://www.getlocbox.com,11-50$
$6335,autobutler,3,RFQ for auto repair and service,http://www.autobutler.dk,null$
$6336,Creative Apps,7,Android Antivirus for free,https://play.google.com/store/apps/details?id=com.zrgiu.antivirus,1-10$
$6339,Go,3,Transform the private car/taxi experience throughout Europe (Uber),null,null$
$6343,Leap Motion,9,Next Gen Motion Control,http://www.leapmotion.com,51-200$
$6357,Faction,8,cutting-edge; ski and sports accessories and apparel brand,http://www.thefactioncollective.com,null$
$6382,Mindful Meal,5,Pandora for Food,http://www.mindfulmeal.com,1-10$
$6398,RollSale,8,LendingTree for your Used Car,http://www.rollsale.com,null$
$6401,ShelfLife,5,Social Commerce for Collectors. ,http://www.shelflife.net,1-10$
$6418,Wylio,3,Free pictures for bloggers,http://www.wylio.com,null$
$6422,Crittercism,9,Mobile Application Performance Monitoring,http://www.crittercism.com,11-50$
$6427,Blink,9,Snapchat for Text Messaging,http://www.BlinkApp.co,1-10$
$6434,Techlicious,1,Helping women navigate the intersection of life and technology.,http://www.techlicious.com,null$
$6442,Jackson Electronics,6,Smartphone based infotainment and telematics solution for the motor vehicle aftermarket.,http://www.iroconline.com,1-10$
$6446,DailyCred,9,Identity made simple,http://www.dailycred.com/,1-10$
$6450,MBM Solutions,3,Google Latitude for the elderly & special needs,http://www.mbmss.com,null$
$6459,SoundSlug,4,A portable keychain that let's you rip music from anywhere.,http://www.soundslug.com,null$
$6468,Welcu,9,The best way to manage high-end; unique events.,http://www.welcu.com,1-10$
$6469,Photography Blogsites,2,Hosted Websites for Professional Photographers,http://photographyblogsites.com,1-10$
$6482,Vidyard,10,Video Marketing Platform,http://vy.io,11-50$
$6486,Pingwyn,3,Share your location continuously - without the need to check in.,http://pingwyn.com/,1-10$
$6496,PawshPal,3,pet media; gamification,http://pawshpal.com/,null$
$6497,Reboundlovers,2,Dating for the Broken Hearted,http://www.Reboundlovers.com,null$
$6528,140 Proof,8,Ads for humans. Powered by the Blended Interest Graph.,http://www.140proof.com,11-50$
$6548,The private person,3,Good investment ,http://blogs.mail.ru/mail/bergman_dmitry/22A7A43B4C7A418D.html,null$
$6551,Texas FUEL - ABA,3,Pro Sports Global Green Team brings Eco-Education; Entertainment; & Leadership- Basketball,http://www.HTOsports.com/Fuel,null$
$6565,OrbYoo,4,A Visually-Organized Information Platform,http://www.orbyoo.com,null$
$6568,ACI,4,Virtual Reality Training with Gaming Technology,http://www.aci-sim.com,null$
$6569,Pressable,9,Where WordPress Works Best,http://pressable.com,1-10$
$6571,Twin Engine Labs,4,An iOS Design and Development Agency,http://twinenginelabs.com,null$
$6577,AcceleRadio,2,IP networking and applications for tactical radio communication,http://www.acceleradio.com,null$
$6580,Timeshare Social,2,The first travel site that has no cost for inventory!,http://www.timesharesocial.com,null$
$6582,Audiogent,4,Worlds first Interactive Audiobook for iPhones and more!,http://www.audiogent.com/?w=en,null$
$6583,jiggly,3,Trading Competition Network,http://www.v2live.com,null$
$6588,Quipu Applications,3,BusinessModel™ is Lean Startup Software,http://www.quipuapps.com,null$
$6592,Wattvision,9,sensors & software for energy analytics,http://www.wattvision.com,null$
$6598,Dining Dialog,2,All-in-one marketing tool for restaurants and bars,http://www.diningdialog.com,null$
$6614,PrepSportsNet,3,Official network HS sites;  content by students;  revenue shared with school; free to HS,http://www.prepsportsnet.com,null$
$6615,Epiphany Solar Water Systems,3,Clean water from the Sun.,http://www.epiphanysws.com,null$
$6618,Mocavo,9,Genealogy Search Engine,http://www.mocavo.com,null$
$6633,Realty Tube,4,Real Estate Property Video Listings a New Way to Shop,http://www.RealtyTube.com,null$
$6635,Grogan's,2,Businesses need to have a Center for doing business with our nation; with BNC they will.,http://www.yourtv.tv,null$
$6643,Leviathyn,5,The Gamer's Chronicle,http://leviathyn.com,1-10$
$6649,VisualizeROI,6,Value Collaboration Platform,http://www.visualizeROI.com,1-10$
$6657,Days by Wander,10,Remember every day,http://days.am,1-10$
$6662,Splash,8,Pinterest for activities,http://getsplash.com,null$
$6668,Jot Spott,2,Salesforce.com for Families,http://www.jotspott.com,null$
$6677,Dealuv,3,Social media viral marketing platform,http://www.dealuv.com,null$
$6692,Staan IT Innovations,2,The idea is a cutting edge LBS based mobile app; solves the pain points of retail shopper.,http://staanit.com,null$
$6702,AngelList,10,A platform for startups.,http://angel.co,11-50$
$6703,Articulate Labs,4,Stimulation + Movement = Intelligent; Everyday Rehabilitation,http://www.articulatelabs.com,1-10$
$6726,Wavesum Ltd,5,The real deal in music analysis tech.,http://wavesum.net,null$
$6764,Q Kids ,3,To become #1 search for kids on iPads and tablets,http://www.quinturakids.com,1-10$
$6771,Mediscale,5,Helping Doctors Make The Right Decision,http://www.mediscale.com,null$
$6780,Core Analytics; LLC,3,Advanced Analytics Consulting firm; developers of the brand loyalty BrandMeter(TM),http://www.coreanalytics.com,null$
$6819,Education Sports Mentoring,4,Community game for student athlete's character development through peer-based mentoring,http://www.ESMZone.com,1-10$
$6821,Quant Geo ,3,Zillow meets Quant-Geo-Ranking ,http://www.HomeValuePredictor.com,null$
$6830,The Blue Bee,3,People-to-people services marketplace,http://www.working-bees.com,null$
$6842,Push Digital,3,,http://www.pushdigital.com,11-50$
$6845,Auto Loan Manager,2,Charles Schwab for Auto Loans,http://www.AutoLoanManager.com,null$
$6848,QuantGeo,2,The only Geospatial  SaaS RE tool that integrates local monthly & quarterly datasets  ,http://www.quantgeo.com/,null$
$6849,G+B (green plus blue),5,intelligent reference marketing goes match making ,http://www.gplusb.com,null$
$6878,Kickserv,7,Automation for Mobile Workforce,http://www.kickserv.com,11-50$
$6880,Lifecraft,6,A simple way to stay updated with your friends.,http://lifecraft.com,null$
$6893,Open Data Registry,7,Linking the Web of Goods,http://www.opendataregistry.com,null$
$6894,mytweetmark,5,Leader in Social media management systems; local food for small businesses.,http://www.mytweetmark.com,1-10$
$6903,Flyvie,4,Superior Training; Monitoring & Debriefing Solutions,http://www.flyvie.com,$
$6906,Geotexo,2,The geolocation curator,http://www.geotexo.com,null$
$6917,Intuitive Services,2,Unique Online Relationship Matching Method,http://www.intuitiveinsights.biz,null$
$6918,ourbucketlist; Inc.,4,Post bucketlist.  Connect on basis of common items.  share / learn / meet,http://www.ourbucketlist.com,null$
$6925,SoWink,5,Activity-Based Social Networking & Dating,http://www.sowink.com,1-10$
$6927,Voice Of The World,3,YouTube meets X-Factor meets FACEBOOK. A global Web 2.0-based online talent competition.,http://www.votw.eu,null$
$6934,IWS Financial Group,2,Monetize home equity without depleting equity and losing your home - wow that's new!,http://www.iwslimited.com,null$
$6937,LiveTheLife,2,Surf Real Estate & Travel Guide,http://www.livethelife.eu,null$
$6952,LocalUncle,5,Makes life in the city easier,http://www.localuncle.com,1-10$
$6965,Revirda,4,Passenger demand forecasts that get taxi drivers to the right place at the right time.,https://revirda.com,1-10$
$6979,AFINOS,4,Solves real time multimedia sharing & collaboration.,http://www.afinos.com,null$
$6980,Workables,5,A real-time marketplace for small jobs... Now part of the Zaarly family.,http://workables.com/,1-10$
$6981,MyPad (Loytr),8,Mobile Advertising & Engagement Platform w/ 60M downloads,http://www.facebook.com/apps/application.php?id=162843607082809,1-10$
$6986,Harvest Recordings,2,Smithsonian Folkways Vinyl LP Re-issues,http://www.harvestrecordings.com/,null$
$6989,Keepskor,5,Instagram for games,http://keepskor.com,1-10$
$6999,Tazinos,4,Self Serve Pizza & Salad Bistro,http://www.tazinos.com/,null$
$7010,TopDish,4,Yelp for dishes (TopDish),http://topdish.com,null$
$7015,AreaDailyDeals,2,Groupon 2.0 - group coupon Franchise / License format,http://www.AreaDailyDeals.com,null$
$7021,JamCloud,5,A multimedia app powered by media in the cloud,http://jamcloud.com/,null$
$7024,First Post Studios ,2,New location-based social mobile game company: fantastic new IP,http://www.firstpoststudios.com,null$
$7037,Minteos,4,Internet of nature helps to avoid natural disasters; industrial accidents; contamination,http://www.minteos.com,null$
$7048,Subscriby,3,Songkick for all your interests,http://www.subscriby.com,null$
$7072,Cacheir,2,A virtual piggy bank,http://cacheir.com,1-10$
$7087,EventHQ,2,Shopify for events,http://www.eventhq.co.uk,null$
$7091,AppAddictive,6,We do conversion rate optimization across search; display and social channels. ,http://www.appaddictive.com,1-10$
$7095,SeeControl,5,Salesforce of IoT,http://www.seecontrol.com,11-50$
$7098,rome2rio,7,Organize & search world's transport,http://www.rome2rio.com,null$
$7099,One True Love Vintage Rentals,3,One-of-a-kind rentals for weddings and events,http://onetruelovevintage.com/,null$
$7100,Boombox,2,A personal ubiquitous “360 degree˚ music experience,http://weboombox.com,null$
$7126,Uppidy,7,Uppidy makes sms mms messages portable,http://www.uppidy.com,1-10$
$7153,Loki Studios,7,Developing Games of the Next Generation,http://www.lokistudios.com/,null$
$7160,Grabble,6,Unlocking Item-level Transaction Data,http://GrabbleApp.com,1-10$
$7168,Gumwall,3,Crowdsource your memory,http://gumwall.com,null$
$7170,HGPro SAS,3,Instantiel; the "SMB Swissknife" (Web applications suite for entrepreneurs,http://www.instantiel.com,null$
$7173,HulaCopter,4,Acquired by 3D Travel; July; 2012!  Local merchants offer last-minute deals to vacationers,http://hulacopter.com,null$
$7179,Zwapp,4,Advanced powerful mobile targeting platform,http://www.zwapp.com,null$
$7181,YepLike!,6,Express yourself ! - Take a picture;  apply a  "Like" or "Dislike"  badge and share it,http://yeplike.com,null$
$7193,Riderpedia,3,Crowd powered maps for moto/4x4/bike/trekking,http://riderpedia.com,null$
$7215,Quote Roller,7,Document automation for sales,http://www.quoteroller.com,11-50$
$7227,PlayerTakesAll,6,Viral Campaign & Referral Management Platform,http://www.playertakesall.com/,null$
$7228,Save2Travel,4,Travelocity for the less well healed,http://Http://save2travel.co,null$
$7256,Softdeo,2,IPTV channel manager on cloud computing,http://www.softvallee.com,null$
$7259,ExpertBids,6,Yelp and Elance for Professional Services.,http://www.expertbids.com,null$
$7261,Olea Sensor Networks,4,Intelligent Sensors & Analytic Software,http://www.oleasys.com,1-10$
$7267,TrustVillage,5,Community for like-minded moms.,http://www.trustvillage.com,null$
$7269,Path,10,Quality Social Networking,http://path.com,51-200$
$7273,MerchantTribe,5,We make merchants smarter through ecommerce analytics on an open source + SAAS platform,http://www.MerchantTribe.com,null$
$7276,OpenPCR,5,DNA on your desktop,http://openpcr.org,null$
$7281,BP Wiz Book Publishing Wizard,6,A Mix of Business Plan Pro & CommonApp for Publishing,http://beta.bpwiz.biz,null$
$7332,tapviva,7,Next-generation restaurant technology with mobile ordering (AngelPad S11),http://www.tapviva.com,null$
$7341,Mercury Innovative,2,Take Control of Your Message,http://www.rhetoristics.com,null$
$7342,Blind Squirrel Games,4,Video game developer with emphasis on breaking the carbon-copy problems with online games.,http://www.blindsquirrelgames.com,null$
$7350,runwaytheliteway,2,Personal shopping experience,http://www.runwaytheliteway.com,null$
$7361,SAAKO DESIGN,2,Handmade Barcelona Fashion Accessories. Each Saako piece is individual: just like you. ,http://www.saakodesign.com/,null$
$7382,instaGrok,5,instaGrok makes internet research simple: our visual concept maps show how ideas connect.,http://www.instagrok.com,1-10$
$7407,Better.me,4,Klout for health.,http://www.better.me,null$
$7411,Deck,4,Word-of-mouth News,http://bbq.io/,null$
$7415,Greenlight Planet,5,Off-grid village lighting driven by game-changing rural distribution,http://www.greenlightplanet.com,1-10$
$7416,PicoField,4,Biometrics including fingerprint placement sensor for use in mobile devices.,null,null$
$7433,iCouch,6,Therapy anywhere on any device.,http://icouch.me,null$
$7452,PrecisionHawk ,5,UAV; Remote Sensing and GIS Data Processing,http://www.precisionhawk.com,1-10$
$7455,Swap.com,6,Making consignment virtual,http://www.swap.com,11-50$
$7474,Microcinema International,4,Netflix for curated films about art and culture.,http://www.microcinema.com,null$
$7475,Confidential,2,Subscription based integrated internet portal as a supply chain hub for Businesses. ,http://www.aceglobalventures.com,1-10$
$7476,Skillendar,4,A neighbourhood outreach and skills & services marketplace for your local community,http://www.skillendar.com,null$
$7484,exhibit.ly,3,Social Content Sharing for Museums,http://www.exhibit.ly,null$
$7489,Youspeakit,2,Learn languages with movies,http://www.youspeakit.com,null$
$7490,FutureYear,2,Twitter for the future,http://futureyear.com,1-10$
$7492,latakoo ,4,Fastest; easiest way to send & share video and large files,http://www.latakoo.com,1-10$
$7510,DueProps,7,Gamifying the $46 Billion Employee Incentives and Motivation Market,http://dueprops.com,null$
$7523,The Cop Connection,2,Cross jurisdiction crime intel sharing with Facebook like application,http://thecrimeconnection.com,null$
$7529,DoTogether,2,We help business monetize their fans,http://www.dotogether.com,1-10$
$7546,Virtual Chapter,6,Virtual Chapter aims to be the SalesForce.com for college campuses.,http://www.VirtualChapter.com,null$
$7547,Droplr,7,Simple; secure file sharing for business,http://droplr.com,11-50$
$7578,jobandtalent,8,Matching candidates to jobs to make sure nobody misses again a great career opportunity,http://www.jobandtalent.com,11-50$
$7583,EdgeMax Marketing,2,Revenue share; Pay-for-Performance; mobile; QR. Digital Asset Mgmt and Distribution SaaS,http://www.edgemaxmarketing.com,null$
$7585,Integrated Ordering Systems,7,IOS provides management of take out; catering and online orders within restaurant groups.,http://www.iosnow.com,null$
$7601,Torbit,10,Next generation tools for measuring; analyzing and optimizing web performance,http://torbit.com,1-10$
$7607,1stPageLocal ,3,Local business internet visibility and ongoing coaching,http://www.1stpagelocal.com,null$
$7615,SeeJoeRock,2,eHarmony for Musicians & Industry Pros,http://www.seejoerock.com,null$
$7618,RealLifeConnect,4,Ready-to-use interactive brand experience PaaS which leverages offline with online via NFC,http://www.reallifeconnect.com,1-10$
$7626,InsiderEscapes,3,An interactive online society and booking portal for affluent travelers  ,http://www.insiderescapes.com,null$
$7630,TrueView,3,Discover real people and make real connections through the things you love doing,http://www.trueview.me,1-10$
$7645,Live Colony,6,Yelp for your Social Life,http://www.swerve.to/,null$
$7660,EZ-Nite,4,Connecting hospitality brands; venues; and consumers through mobile platform,http://www.eznitevip.com,1-10$
$7663,SmartPea,4,RESTful API providing access to hyper-localized grocery deals data and CPG data.,http://www.smartpea.com,1-10$
$7671,Jovian Labs,3,Cloud-Based Traffic Shaping,http://www.jovianlabs.com,null$
$7697,CelluDrive,7,Technology for safer driving,http://www.celludrive.com,null$
$7711,Checklist,2,Find checklists; work; share & access them anywhere,http://www.checklist.com,1-10$
$7717,MeBookToo,2,socialize your eBooks & creativity Too! ,http://www.mebooktoo.com,null$
$7719,I WISH,3,A revolutionary system that helps people to turn thoughts/ wishes/ dreams into reality.,http://iwishone.com/,1-10$
$7725,The Green & Blue Veda,2,Natural and functional goods inspired from India and its traditional medicine; Ayurveda,http://www.greenblueveda.com,1-10$
$7727,BestCreativity,3,Get logos; banners and design projects done through crowdsourcing contests,http://www.bestcreativity.com,null$
$7735,TappedIn,5,TappedIn is a platform for business executives to find the people who can help them,http://www.tappedin.me,null$
$7760,CodeEval,7,Technical Recruiting Technology ,http://www.codeeval.com,1-10$
$7781,Protitek Energy,2,Hydrogen Fuel Microturbine Generators,http://www.protitek.com,null$
$7782,Blogo.me,2,Local Social News,http://blogo.me,null$
$7789,Iron.io,8,High Performance Message Queuing and Task Processing,http://www.iron.io,11-50$
$7806,iRetainRx,5,Helps people take medications correctly between doctor visits and pharmacy refills.,http://www.iretainrx.com,null$
$7817,DevMynd Software,4,We develop high quality software for our clients using Rails; TDD and Machine Learning.,http://DevMynd.com,11-50$
$7824,TribeHR,8,HR SaaS for SMBs,http://www.tribehr.com,1-10$
$7829,TechScratch,4,A community to trade small; deliverable tasks that fall outside your skillset.  ,http://www.techscratch.com,null$
$7849,Favmonster,3,The tool Digg should have been.,http://www.favmonster.com,null$
$7857,Robin for Mac,4,,http://robin.io,null$
$7877,Bundlr,6,Bookmark and discover amazing content,http://bundlr.com,null$
$7895,CellScope,9,We're turning your smartphone into a digital first aid kit.,http://cellscope.com,11-50$
$7896,Accelsor,5,Beautiful; custom websites in minutes.,http://accelsor.com,1-10$
$7900,Noci Pictures Entertainment,4,Netflix; HBO; Hulu & Lions Gate Disruptor With 30-100% ROI Prior To Global Revenues,http://www.about.me/yuri_rutman,1-10$
$7901,NS Mineral Cosmetics,2,Cosmetics and Supplements for Women,http://nsminerals.com,null$
$7906,Sik Pik,4,The Sik Pik is a Ferrari for your fingers. ,http://sikpik.com,null$
$7924,invino,9,Original private sale site dedicated to the wine vertical,http://www.invino.com,null$
$7925,Mercury Labs,3,Accurate and easy-to-use stock market forecasts for every investor.,http://www.mercurylabsinc.com,null$
